word,pair,type,freq,file,register
add,add/subtract,add,3234,w_acad_1990.txt,academic
subtract,add/subtract,subtract,30,w_acad_1990.txt,academic
addition,addition/subtraction,add,1441,w_acad_1990.txt,academic
subtraction,addition/subtraction,subtract,3,w_acad_1990.txt,academic
plus,plus/minus,add,280,w_acad_1990.txt,academic
minus,plus/minus,subtract,28,w_acad_1990.txt,academic
more,more/less,add,9862,w_acad_1990.txt,academic
less,more/less,subtract,4653,w_acad_1990.txt,academic
most,most/least,add,6210,w_acad_1990.txt,academic
least,most/least,subtract,1453,w_acad_1990.txt,academic
many,many/few,add,4494,w_acad_1990.txt,academic
few,many/few,subtract,1535,w_acad_1990.txt,academic
increase,increase/decrease,add,2073,w_acad_1990.txt,academic
decrease,increase/decrease,subtract,283,w_acad_1990.txt,academic
add,add/subtract,add,3774,w_acad_1991.txt,academic
subtract,add/subtract,subtract,27,w_acad_1991.txt,academic
addition,addition/subtraction,add,1559,w_acad_1991.txt,academic
subtraction,addition/subtraction,subtract,3,w_acad_1991.txt,academic
plus,plus/minus,add,295,w_acad_1991.txt,academic
minus,plus/minus,subtract,49,w_acad_1991.txt,academic
more,more/less,add,10074,w_acad_1991.txt,academic
less,more/less,subtract,4840,w_acad_1991.txt,academic
most,most/least,add,6037,w_acad_1991.txt,academic
least,most/least,subtract,1322,w_acad_1991.txt,academic
many,many/few,add,4450,w_acad_1991.txt,academic
few,many/few,subtract,1474,w_acad_1991.txt,academic
increase,increase/decrease,add,2166,w_acad_1991.txt,academic
decrease,increase/decrease,subtract,331,w_acad_1991.txt,academic
add,add/subtract,add,3325,w_acad_1992.txt,academic
subtract,add/subtract,subtract,53,w_acad_1992.txt,academic
addition,addition/subtraction,add,1480,w_acad_1992.txt,academic
subtraction,addition/subtraction,subtract,7,w_acad_1992.txt,academic
plus,plus/minus,add,329,w_acad_1992.txt,academic
minus,plus/minus,subtract,34,w_acad_1992.txt,academic
more,more/less,add,9971,w_acad_1992.txt,academic
less,more/less,subtract,4524,w_acad_1992.txt,academic
most,most/least,add,6300,w_acad_1992.txt,academic
least,most/least,subtract,1310,w_acad_1992.txt,academic
many,many/few,add,4052,w_acad_1992.txt,academic
few,many/few,subtract,1488,w_acad_1992.txt,academic
increase,increase/decrease,add,2552,w_acad_1992.txt,academic
decrease,increase/decrease,subtract,424,w_acad_1992.txt,academic
add,add/subtract,add,3562,w_acad_1993.txt,academic
subtract,add/subtract,subtract,23,w_acad_1993.txt,academic
addition,addition/subtraction,add,1520,w_acad_1993.txt,academic
subtraction,addition/subtraction,subtract,7,w_acad_1993.txt,academic
plus,plus/minus,add,274,w_acad_1993.txt,academic
minus,plus/minus,subtract,43,w_acad_1993.txt,academic
more,more/less,add,10265,w_acad_1993.txt,academic
less,more/less,subtract,4854,w_acad_1993.txt,academic
most,most/least,add,6623,w_acad_1993.txt,academic
least,most/least,subtract,1443,w_acad_1993.txt,academic
many,many/few,add,4822,w_acad_1993.txt,academic
few,many/few,subtract,1607,w_acad_1993.txt,academic
increase,increase/decrease,add,2222,w_acad_1993.txt,academic
decrease,increase/decrease,subtract,357,w_acad_1993.txt,academic
add,add/subtract,add,4290,w_acad_1994.txt,academic
subtract,add/subtract,subtract,30,w_acad_1994.txt,academic
addition,addition/subtraction,add,1560,w_acad_1994.txt,academic
subtraction,addition/subtraction,subtract,2,w_acad_1994.txt,academic
plus,plus/minus,add,261,w_acad_1994.txt,academic
minus,plus/minus,subtract,43,w_acad_1994.txt,academic
more,more/less,add,10206,w_acad_1994.txt,academic
less,more/less,subtract,4716,w_acad_1994.txt,academic
most,most/least,add,5964,w_acad_1994.txt,academic
least,most/least,subtract,1316,w_acad_1994.txt,academic
many,many/few,add,3999,w_acad_1994.txt,academic
few,many/few,subtract,1565,w_acad_1994.txt,academic
increase,increase/decrease,add,2283,w_acad_1994.txt,academic
decrease,increase/decrease,subtract,351,w_acad_1994.txt,academic
add,add/subtract,add,3669,w_acad_1995.txt,academic
subtract,add/subtract,subtract,28,w_acad_1995.txt,academic
addition,addition/subtraction,add,1524,w_acad_1995.txt,academic
subtraction,addition/subtraction,subtract,8,w_acad_1995.txt,academic
plus,plus/minus,add,248,w_acad_1995.txt,academic
minus,plus/minus,subtract,51,w_acad_1995.txt,academic
more,more/less,add,9942,w_acad_1995.txt,academic
less,more/less,subtract,4997,w_acad_1995.txt,academic
most,most/least,add,5756,w_acad_1995.txt,academic
least,most/least,subtract,1233,w_acad_1995.txt,academic
many,many/few,add,3720,w_acad_1995.txt,academic
few,many/few,subtract,1466,w_acad_1995.txt,academic
increase,increase/decrease,add,2114,w_acad_1995.txt,academic
decrease,increase/decrease,subtract,387,w_acad_1995.txt,academic
add,add/subtract,add,3890,w_acad_1996.txt,academic
subtract,add/subtract,subtract,32,w_acad_1996.txt,academic
addition,addition/subtraction,add,1744,w_acad_1996.txt,academic
subtraction,addition/subtraction,subtract,8,w_acad_1996.txt,academic
plus,plus/minus,add,298,w_acad_1996.txt,academic
minus,plus/minus,subtract,55,w_acad_1996.txt,academic
more,more/less,add,10304,w_acad_1996.txt,academic
less,more/less,subtract,4640,w_acad_1996.txt,academic
most,most/least,add,5793,w_acad_1996.txt,academic
least,most/least,subtract,1331,w_acad_1996.txt,academic
many,many/few,add,3993,w_acad_1996.txt,academic
few,many/few,subtract,1497,w_acad_1996.txt,academic
increase,increase/decrease,add,2124,w_acad_1996.txt,academic
decrease,increase/decrease,subtract,402,w_acad_1996.txt,academic
add,add/subtract,add,4456,w_acad_1997.txt,academic
subtract,add/subtract,subtract,27,w_acad_1997.txt,academic
addition,addition/subtraction,add,1733,w_acad_1997.txt,academic
subtraction,addition/subtraction,subtract,3,w_acad_1997.txt,academic
plus,plus/minus,add,243,w_acad_1997.txt,academic
minus,plus/minus,subtract,40,w_acad_1997.txt,academic
more,more/less,add,11342,w_acad_1997.txt,academic
less,more/less,subtract,5307,w_acad_1997.txt,academic
most,most/least,add,6338,w_acad_1997.txt,academic
least,most/least,subtract,1400,w_acad_1997.txt,academic
many,many/few,add,4200,w_acad_1997.txt,academic
few,many/few,subtract,1598,w_acad_1997.txt,academic
increase,increase/decrease,add,2372,w_acad_1997.txt,academic
decrease,increase/decrease,subtract,372,w_acad_1997.txt,academic
add,add/subtract,add,4414,w_acad_1998.txt,academic
subtract,add/subtract,subtract,55,w_acad_1998.txt,academic
addition,addition/subtraction,add,1685,w_acad_1998.txt,academic
subtraction,addition/subtraction,subtract,13,w_acad_1998.txt,academic
plus,plus/minus,add,261,w_acad_1998.txt,academic
minus,plus/minus,subtract,24,w_acad_1998.txt,academic
more,more/less,add,10138,w_acad_1998.txt,academic
less,more/less,subtract,5206,w_acad_1998.txt,academic
most,most/least,add,5938,w_acad_1998.txt,academic
least,most/least,subtract,1462,w_acad_1998.txt,academic
many,many/few,add,4084,w_acad_1998.txt,academic
few,many/few,subtract,1481,w_acad_1998.txt,academic
increase,increase/decrease,add,2178,w_acad_1998.txt,academic
decrease,increase/decrease,subtract,385,w_acad_1998.txt,academic
add,add/subtract,add,3959,w_acad_1999.txt,academic
subtract,add/subtract,subtract,30,w_acad_1999.txt,academic
addition,addition/subtraction,add,1570,w_acad_1999.txt,academic
subtraction,addition/subtraction,subtract,6,w_acad_1999.txt,academic
plus,plus/minus,add,195,w_acad_1999.txt,academic
minus,plus/minus,subtract,42,w_acad_1999.txt,academic
more,more/less,add,10391,w_acad_1999.txt,academic
less,more/less,subtract,4597,w_acad_1999.txt,academic
most,most/least,add,6199,w_acad_1999.txt,academic
least,most/least,subtract,1377,w_acad_1999.txt,academic
many,many/few,add,4223,w_acad_1999.txt,academic
few,many/few,subtract,1482,w_acad_1999.txt,academic
increase,increase/decrease,add,2348,w_acad_1999.txt,academic
decrease,increase/decrease,subtract,444,w_acad_1999.txt,academic
add,add/subtract,add,4097,w_acad_2000.txt,academic
subtract,add/subtract,subtract,22,w_acad_2000.txt,academic
addition,addition/subtraction,add,1594,w_acad_2000.txt,academic
subtraction,addition/subtraction,subtract,10,w_acad_2000.txt,academic
plus,plus/minus,add,287,w_acad_2000.txt,academic
minus,plus/minus,subtract,45,w_acad_2000.txt,academic
more,more/less,add,9668,w_acad_2000.txt,academic
less,more/less,subtract,4529,w_acad_2000.txt,academic
most,most/least,add,6054,w_acad_2000.txt,academic
least,most/least,subtract,1324,w_acad_2000.txt,academic
many,many/few,add,3887,w_acad_2000.txt,academic
few,many/few,subtract,1488,w_acad_2000.txt,academic
increase,increase/decrease,add,2229,w_acad_2000.txt,academic
decrease,increase/decrease,subtract,416,w_acad_2000.txt,academic
add,add/subtract,add,4109,w_acad_2001.txt,academic
subtract,add/subtract,subtract,48,w_acad_2001.txt,academic
addition,addition/subtraction,add,1735,w_acad_2001.txt,academic
subtraction,addition/subtraction,subtract,6,w_acad_2001.txt,academic
plus,plus/minus,add,211,w_acad_2001.txt,academic
minus,plus/minus,subtract,92,w_acad_2001.txt,academic
more,more/less,add,9995,w_acad_2001.txt,academic
less,more/less,subtract,4544,w_acad_2001.txt,academic
most,most/least,add,5447,w_acad_2001.txt,academic
least,most/least,subtract,1256,w_acad_2001.txt,academic
many,many/few,add,3849,w_acad_2001.txt,academic
few,many/few,subtract,1398,w_acad_2001.txt,academic
increase,increase/decrease,add,2276,w_acad_2001.txt,academic
decrease,increase/decrease,subtract,410,w_acad_2001.txt,academic
add,add/subtract,add,4023,w_acad_2002.txt,academic
subtract,add/subtract,subtract,40,w_acad_2002.txt,academic
addition,addition/subtraction,add,1555,w_acad_2002.txt,academic
subtraction,addition/subtraction,subtract,15,w_acad_2002.txt,academic
plus,plus/minus,add,239,w_acad_2002.txt,academic
minus,plus/minus,subtract,41,w_acad_2002.txt,academic
more,more/less,add,10307,w_acad_2002.txt,academic
less,more/less,subtract,4703,w_acad_2002.txt,academic
most,most/least,add,5843,w_acad_2002.txt,academic
least,most/least,subtract,1318,w_acad_2002.txt,academic
many,many/few,add,3945,w_acad_2002.txt,academic
few,many/few,subtract,1552,w_acad_2002.txt,academic
increase,increase/decrease,add,2101,w_acad_2002.txt,academic
decrease,increase/decrease,subtract,377,w_acad_2002.txt,academic
add,add/subtract,add,3997,w_acad_2003.txt,academic
subtract,add/subtract,subtract,23,w_acad_2003.txt,academic
addition,addition/subtraction,add,1641,w_acad_2003.txt,academic
subtraction,addition/subtraction,subtract,6,w_acad_2003.txt,academic
plus,plus/minus,add,208,w_acad_2003.txt,academic
minus,plus/minus,subtract,28,w_acad_2003.txt,academic
more,more/less,add,10771,w_acad_2003.txt,academic
less,more/less,subtract,5064,w_acad_2003.txt,academic
most,most/least,add,5628,w_acad_2003.txt,academic
least,most/least,subtract,1189,w_acad_2003.txt,academic
many,many/few,add,4102,w_acad_2003.txt,academic
few,many/few,subtract,1558,w_acad_2003.txt,academic
increase,increase/decrease,add,2126,w_acad_2003.txt,academic
decrease,increase/decrease,subtract,402,w_acad_2003.txt,academic
add,add/subtract,add,4074,w_acad_2004.txt,academic
subtract,add/subtract,subtract,19,w_acad_2004.txt,academic
addition,addition/subtraction,add,1668,w_acad_2004.txt,academic
subtraction,addition/subtraction,subtract,1,w_acad_2004.txt,academic
plus,plus/minus,add,202,w_acad_2004.txt,academic
minus,plus/minus,subtract,26,w_acad_2004.txt,academic
more,more/less,add,10699,w_acad_2004.txt,academic
less,more/less,subtract,4653,w_acad_2004.txt,academic
most,most/least,add,5577,w_acad_2004.txt,academic
least,most/least,subtract,1157,w_acad_2004.txt,academic
many,many/few,add,3932,w_acad_2004.txt,academic
few,many/few,subtract,1585,w_acad_2004.txt,academic
increase,increase/decrease,add,2218,w_acad_2004.txt,academic
decrease,increase/decrease,subtract,524,w_acad_2004.txt,academic
add,add/subtract,add,4136,w_acad_2005.txt,academic
subtract,add/subtract,subtract,26,w_acad_2005.txt,academic
addition,addition/subtraction,add,1665,w_acad_2005.txt,academic
subtraction,addition/subtraction,subtract,7,w_acad_2005.txt,academic
plus,plus/minus,add,157,w_acad_2005.txt,academic
minus,plus/minus,subtract,33,w_acad_2005.txt,academic
more,more/less,add,10453,w_acad_2005.txt,academic
less,more/less,subtract,4722,w_acad_2005.txt,academic
most,most/least,add,5750,w_acad_2005.txt,academic
least,most/least,subtract,1134,w_acad_2005.txt,academic
many,many/few,add,4053,w_acad_2005.txt,academic
few,many/few,subtract,1543,w_acad_2005.txt,academic
increase,increase/decrease,add,2289,w_acad_2005.txt,academic
decrease,increase/decrease,subtract,404,w_acad_2005.txt,academic
add,add/subtract,add,4584,w_acad_2006.txt,academic
subtract,add/subtract,subtract,25,w_acad_2006.txt,academic
addition,addition/subtraction,add,2019,w_acad_2006.txt,academic
subtraction,addition/subtraction,subtract,6,w_acad_2006.txt,academic
plus,plus/minus,add,211,w_acad_2006.txt,academic
minus,plus/minus,subtract,46,w_acad_2006.txt,academic
more,more/less,add,10817,w_acad_2006.txt,academic
less,more/less,subtract,4656,w_acad_2006.txt,academic
most,most/least,add,5905,w_acad_2006.txt,academic
least,most/least,subtract,1270,w_acad_2006.txt,academic
many,many/few,add,4477,w_acad_2006.txt,academic
few,many/few,subtract,1637,w_acad_2006.txt,academic
increase,increase/decrease,add,2345,w_acad_2006.txt,academic
decrease,increase/decrease,subtract,408,w_acad_2006.txt,academic
add,add/subtract,add,4418,w_acad_2007.txt,academic
subtract,add/subtract,subtract,75,w_acad_2007.txt,academic
addition,addition/subtraction,add,1713,w_acad_2007.txt,academic
subtraction,addition/subtraction,subtract,40,w_acad_2007.txt,academic
plus,plus/minus,add,246,w_acad_2007.txt,academic
minus,plus/minus,subtract,30,w_acad_2007.txt,academic
more,more/less,add,10722,w_acad_2007.txt,academic
less,more/less,subtract,4600,w_acad_2007.txt,academic
most,most/least,add,5931,w_acad_2007.txt,academic
least,most/least,subtract,1282,w_acad_2007.txt,academic
many,many/few,add,4118,w_acad_2007.txt,academic
few,many/few,subtract,1786,w_acad_2007.txt,academic
increase,increase/decrease,add,2465,w_acad_2007.txt,academic
decrease,increase/decrease,subtract,469,w_acad_2007.txt,academic
add,add/subtract,add,4284,w_acad_2008.txt,academic
subtract,add/subtract,subtract,29,w_acad_2008.txt,academic
addition,addition/subtraction,add,1787,w_acad_2008.txt,academic
subtraction,addition/subtraction,subtract,3,w_acad_2008.txt,academic
plus,plus/minus,add,184,w_acad_2008.txt,academic
minus,plus/minus,subtract,25,w_acad_2008.txt,academic
more,more/less,add,10684,w_acad_2008.txt,academic
less,more/less,subtract,4465,w_acad_2008.txt,academic
most,most/least,add,5276,w_acad_2008.txt,academic
least,most/least,subtract,1161,w_acad_2008.txt,academic
many,many/few,add,3737,w_acad_2008.txt,academic
few,many/few,subtract,1484,w_acad_2008.txt,academic
increase,increase/decrease,add,2262,w_acad_2008.txt,academic
decrease,increase/decrease,subtract,424,w_acad_2008.txt,academic
add,add/subtract,add,4339,w_acad_2009.txt,academic
subtract,add/subtract,subtract,34,w_acad_2009.txt,academic
addition,addition/subtraction,add,1615,w_acad_2009.txt,academic
subtraction,addition/subtraction,subtract,6,w_acad_2009.txt,academic
plus,plus/minus,add,134,w_acad_2009.txt,academic
minus,plus/minus,subtract,15,w_acad_2009.txt,academic
more,more/less,add,9229,w_acad_2009.txt,academic
less,more/less,subtract,4180,w_acad_2009.txt,academic
most,most/least,add,5078,w_acad_2009.txt,academic
least,most/least,subtract,969,w_acad_2009.txt,academic
many,many/few,add,3587,w_acad_2009.txt,academic
few,many/few,subtract,1492,w_acad_2009.txt,academic
increase,increase/decrease,add,1912,w_acad_2009.txt,academic
decrease,increase/decrease,subtract,343,w_acad_2009.txt,academic
add,add/subtract,add,3721,w_acad_2010.txt,academic
subtract,add/subtract,subtract,24,w_acad_2010.txt,academic
addition,addition/subtraction,add,1336,w_acad_2010.txt,academic
subtraction,addition/subtraction,subtract,13,w_acad_2010.txt,academic
plus,plus/minus,add,171,w_acad_2010.txt,academic
minus,plus/minus,subtract,19,w_acad_2010.txt,academic
more,more/less,add,8964,w_acad_2010.txt,academic
less,more/less,subtract,4074,w_acad_2010.txt,academic
most,most/least,add,4822,w_acad_2010.txt,academic
least,most/least,subtract,988,w_acad_2010.txt,academic
many,many/few,add,3428,w_acad_2010.txt,academic
few,many/few,subtract,1354,w_acad_2010.txt,academic
increase,increase/decrease,add,1770,w_acad_2010.txt,academic
decrease,increase/decrease,subtract,293,w_acad_2010.txt,academic
add,add/subtract,add,4627,w_acad_2011.txt,academic
subtract,add/subtract,subtract,24,w_acad_2011.txt,academic
addition,addition/subtraction,add,1663,w_acad_2011.txt,academic
subtraction,addition/subtraction,subtract,3,w_acad_2011.txt,academic
plus,plus/minus,add,216,w_acad_2011.txt,academic
minus,plus/minus,subtract,34,w_acad_2011.txt,academic
more,more/less,add,10073,w_acad_2011.txt,academic
less,more/less,subtract,4874,w_acad_2011.txt,academic
most,most/least,add,4821,w_acad_2011.txt,academic
least,most/least,subtract,1095,w_acad_2011.txt,academic
many,many/few,add,3671,w_acad_2011.txt,academic
few,many/few,subtract,1536,w_acad_2011.txt,academic
increase,increase/decrease,add,2484,w_acad_2011.txt,academic
decrease,increase/decrease,subtract,378,w_acad_2011.txt,academic
add,add/subtract,add,2560,w_acad_2012.txt,academic
subtract,add/subtract,subtract,6,w_acad_2012.txt,academic
addition,addition/subtraction,add,1151,w_acad_2012.txt,academic
subtraction,addition/subtraction,subtract,0,w_acad_2012.txt,academic
plus,plus/minus,add,115,w_acad_2012.txt,academic
minus,plus/minus,subtract,18,w_acad_2012.txt,academic
more,more/less,add,5093,w_acad_2012.txt,academic
less,more/less,subtract,2121,w_acad_2012.txt,academic
most,most/least,add,2571,w_acad_2012.txt,academic
least,most/least,subtract,627,w_acad_2012.txt,academic
many,many/few,add,1704,w_acad_2012.txt,academic
few,many/few,subtract,736,w_acad_2012.txt,academic
increase,increase/decrease,add,1704,w_acad_2012.txt,academic
decrease,increase/decrease,subtract,358,w_acad_2012.txt,academic
add,add/subtract,add,4067,w_mag_1990.txt,magazine
subtract,add/subtract,subtract,26,w_mag_1990.txt,magazine
addition,addition/subtraction,add,899,w_mag_1990.txt,magazine
subtraction,addition/subtraction,subtract,3,w_mag_1990.txt,magazine
plus,plus/minus,add,490,w_mag_1990.txt,magazine
minus,plus/minus,subtract,51,w_mag_1990.txt,magazine
more,more/less,add,10736,w_mag_1990.txt,magazine
less,more/less,subtract,4932,w_mag_1990.txt,magazine
most,most/least,add,7355,w_mag_1990.txt,magazine
least,most/least,subtract,1465,w_mag_1990.txt,magazine
many,many/few,add,4530,w_mag_1990.txt,magazine
few,many/few,subtract,2497,w_mag_1990.txt,magazine
increase,increase/decrease,add,1238,w_mag_1990.txt,magazine
decrease,increase/decrease,subtract,99,w_mag_1990.txt,magazine
add,add/subtract,add,3699,w_mag_1991.txt,magazine
subtract,add/subtract,subtract,33,w_mag_1991.txt,magazine
addition,addition/subtraction,add,883,w_mag_1991.txt,magazine
subtraction,addition/subtraction,subtract,4,w_mag_1991.txt,magazine
plus,plus/minus,add,475,w_mag_1991.txt,magazine
minus,plus/minus,subtract,76,w_mag_1991.txt,magazine
more,more/less,add,10868,w_mag_1991.txt,magazine
less,more/less,subtract,5161,w_mag_1991.txt,magazine
most,most/least,add,7580,w_mag_1991.txt,magazine
least,most/least,subtract,1634,w_mag_1991.txt,magazine
many,many/few,add,4458,w_mag_1991.txt,magazine
few,many/few,subtract,2739,w_mag_1991.txt,magazine
increase,increase/decrease,add,1373,w_mag_1991.txt,magazine
decrease,increase/decrease,subtract,135,w_mag_1991.txt,magazine
add,add/subtract,add,3480,w_mag_1992.txt,magazine
subtract,add/subtract,subtract,27,w_mag_1992.txt,magazine
addition,addition/subtraction,add,887,w_mag_1992.txt,magazine
subtraction,addition/subtraction,subtract,2,w_mag_1992.txt,magazine
plus,plus/minus,add,380,w_mag_1992.txt,magazine
minus,plus/minus,subtract,48,w_mag_1992.txt,magazine
more,more/less,add,11253,w_mag_1992.txt,magazine
less,more/less,subtract,4922,w_mag_1992.txt,magazine
most,most/least,add,7607,w_mag_1992.txt,magazine
least,most/least,subtract,1399,w_mag_1992.txt,magazine
many,many/few,add,4563,w_mag_1992.txt,magazine
few,many/few,subtract,2658,w_mag_1992.txt,magazine
increase,increase/decrease,add,1343,w_mag_1992.txt,magazine
decrease,increase/decrease,subtract,128,w_mag_1992.txt,magazine
add,add/subtract,add,3518,w_mag_1993.txt,magazine
subtract,add/subtract,subtract,25,w_mag_1993.txt,magazine
addition,addition/subtraction,add,884,w_mag_1993.txt,magazine
subtraction,addition/subtraction,subtract,4,w_mag_1993.txt,magazine
plus,plus/minus,add,385,w_mag_1993.txt,magazine
minus,plus/minus,subtract,56,w_mag_1993.txt,magazine
more,more/less,add,11242,w_mag_1993.txt,magazine
less,more/less,subtract,5107,w_mag_1993.txt,magazine
most,most/least,add,7272,w_mag_1993.txt,magazine
least,most/least,subtract,1436,w_mag_1993.txt,magazine
many,many/few,add,4514,w_mag_1993.txt,magazine
few,many/few,subtract,2697,w_mag_1993.txt,magazine
increase,increase/decrease,add,1183,w_mag_1993.txt,magazine
decrease,increase/decrease,subtract,81,w_mag_1993.txt,magazine
add,add/subtract,add,3616,w_mag_1994.txt,magazine
subtract,add/subtract,subtract,21,w_mag_1994.txt,magazine
addition,addition/subtraction,add,735,w_mag_1994.txt,magazine
subtraction,addition/subtraction,subtract,4,w_mag_1994.txt,magazine
plus,plus/minus,add,367,w_mag_1994.txt,magazine
minus,plus/minus,subtract,45,w_mag_1994.txt,magazine
more,more/less,add,11646,w_mag_1994.txt,magazine
less,more/less,subtract,5068,w_mag_1994.txt,magazine
most,most/least,add,7552,w_mag_1994.txt,magazine
least,most/least,subtract,1442,w_mag_1994.txt,magazine
many,many/few,add,4523,w_mag_1994.txt,magazine
few,many/few,subtract,2827,w_mag_1994.txt,magazine
increase,increase/decrease,add,1070,w_mag_1994.txt,magazine
decrease,increase/decrease,subtract,94,w_mag_1994.txt,magazine
add,add/subtract,add,3460,w_mag_1995.txt,magazine
subtract,add/subtract,subtract,18,w_mag_1995.txt,magazine
addition,addition/subtraction,add,702,w_mag_1995.txt,magazine
subtraction,addition/subtraction,subtract,1,w_mag_1995.txt,magazine
plus,plus/minus,add,403,w_mag_1995.txt,magazine
minus,plus/minus,subtract,51,w_mag_1995.txt,magazine
more,more/less,add,11359,w_mag_1995.txt,magazine
less,more/less,subtract,4954,w_mag_1995.txt,magazine
most,most/least,add,7331,w_mag_1995.txt,magazine
least,most/least,subtract,1423,w_mag_1995.txt,magazine
many,many/few,add,4520,w_mag_1995.txt,magazine
few,many/few,subtract,2777,w_mag_1995.txt,magazine
increase,increase/decrease,add,1169,w_mag_1995.txt,magazine
decrease,increase/decrease,subtract,141,w_mag_1995.txt,magazine
add,add/subtract,add,3869,w_mag_1996.txt,magazine
subtract,add/subtract,subtract,31,w_mag_1996.txt,magazine
addition,addition/subtraction,add,767,w_mag_1996.txt,magazine
subtraction,addition/subtraction,subtract,6,w_mag_1996.txt,magazine
plus,plus/minus,add,558,w_mag_1996.txt,magazine
minus,plus/minus,subtract,44,w_mag_1996.txt,magazine
more,more/less,add,11227,w_mag_1996.txt,magazine
less,more/less,subtract,4872,w_mag_1996.txt,magazine
most,most/least,add,7364,w_mag_1996.txt,magazine
least,most/least,subtract,1374,w_mag_1996.txt,magazine
many,many/few,add,4329,w_mag_1996.txt,magazine
few,many/few,subtract,2606,w_mag_1996.txt,magazine
increase,increase/decrease,add,1074,w_mag_1996.txt,magazine
decrease,increase/decrease,subtract,114,w_mag_1996.txt,magazine
add,add/subtract,add,3836,w_mag_1997.txt,magazine
subtract,add/subtract,subtract,33,w_mag_1997.txt,magazine
addition,addition/subtraction,add,781,w_mag_1997.txt,magazine
subtraction,addition/subtraction,subtract,2,w_mag_1997.txt,magazine
plus,plus/minus,add,460,w_mag_1997.txt,magazine
minus,plus/minus,subtract,65,w_mag_1997.txt,magazine
more,more/less,add,11174,w_mag_1997.txt,magazine
less,more/less,subtract,4870,w_mag_1997.txt,magazine
most,most/least,add,7238,w_mag_1997.txt,magazine
least,most/least,subtract,1390,w_mag_1997.txt,magazine
many,many/few,add,4173,w_mag_1997.txt,magazine
few,many/few,subtract,2706,w_mag_1997.txt,magazine
increase,increase/decrease,add,1058,w_mag_1997.txt,magazine
decrease,increase/decrease,subtract,113,w_mag_1997.txt,magazine
add,add/subtract,add,3978,w_mag_1998.txt,magazine
subtract,add/subtract,subtract,21,w_mag_1998.txt,magazine
addition,addition/subtraction,add,722,w_mag_1998.txt,magazine
subtraction,addition/subtraction,subtract,2,w_mag_1998.txt,magazine
plus,plus/minus,add,537,w_mag_1998.txt,magazine
minus,plus/minus,subtract,63,w_mag_1998.txt,magazine
more,more/less,add,10945,w_mag_1998.txt,magazine
less,more/less,subtract,5138,w_mag_1998.txt,magazine
most,most/least,add,7171,w_mag_1998.txt,magazine
least,most/least,subtract,1466,w_mag_1998.txt,magazine
many,many/few,add,4032,w_mag_1998.txt,magazine
few,many/few,subtract,2727,w_mag_1998.txt,magazine
increase,increase/decrease,add,1001,w_mag_1998.txt,magazine
decrease,increase/decrease,subtract,121,w_mag_1998.txt,magazine
add,add/subtract,add,3816,w_mag_1999.txt,magazine
subtract,add/subtract,subtract,29,w_mag_1999.txt,magazine
addition,addition/subtraction,add,745,w_mag_1999.txt,magazine
subtraction,addition/subtraction,subtract,2,w_mag_1999.txt,magazine
plus,plus/minus,add,475,w_mag_1999.txt,magazine
minus,plus/minus,subtract,61,w_mag_1999.txt,magazine
more,more/less,add,11367,w_mag_1999.txt,magazine
less,more/less,subtract,4956,w_mag_1999.txt,magazine
most,most/least,add,7114,w_mag_1999.txt,magazine
least,most/least,subtract,1416,w_mag_1999.txt,magazine
many,many/few,add,3993,w_mag_1999.txt,magazine
few,many/few,subtract,2838,w_mag_1999.txt,magazine
increase,increase/decrease,add,1006,w_mag_1999.txt,magazine
decrease,increase/decrease,subtract,153,w_mag_1999.txt,magazine
add,add/subtract,add,3798,w_mag_2000.txt,magazine
subtract,add/subtract,subtract,14,w_mag_2000.txt,magazine
addition,addition/subtraction,add,784,w_mag_2000.txt,magazine
subtraction,addition/subtraction,subtract,1,w_mag_2000.txt,magazine
plus,plus/minus,add,532,w_mag_2000.txt,magazine
minus,plus/minus,subtract,62,w_mag_2000.txt,magazine
more,more/less,add,11199,w_mag_2000.txt,magazine
less,more/less,subtract,4918,w_mag_2000.txt,magazine
most,most/least,add,6710,w_mag_2000.txt,magazine
least,most/least,subtract,1451,w_mag_2000.txt,magazine
many,many/few,add,3881,w_mag_2000.txt,magazine
few,many/few,subtract,2688,w_mag_2000.txt,magazine
increase,increase/decrease,add,974,w_mag_2000.txt,magazine
decrease,increase/decrease,subtract,117,w_mag_2000.txt,magazine
add,add/subtract,add,4004,w_mag_2001.txt,magazine
subtract,add/subtract,subtract,25,w_mag_2001.txt,magazine
addition,addition/subtraction,add,767,w_mag_2001.txt,magazine
subtraction,addition/subtraction,subtract,1,w_mag_2001.txt,magazine
plus,plus/minus,add,427,w_mag_2001.txt,magazine
minus,plus/minus,subtract,56,w_mag_2001.txt,magazine
more,more/less,add,11300,w_mag_2001.txt,magazine
less,more/less,subtract,4990,w_mag_2001.txt,magazine
most,most/least,add,6778,w_mag_2001.txt,magazine
least,most/least,subtract,1408,w_mag_2001.txt,magazine
many,many/few,add,3986,w_mag_2001.txt,magazine
few,many/few,subtract,2705,w_mag_2001.txt,magazine
increase,increase/decrease,add,1058,w_mag_2001.txt,magazine
decrease,increase/decrease,subtract,147,w_mag_2001.txt,magazine
add,add/subtract,add,3909,w_mag_2002.txt,magazine
subtract,add/subtract,subtract,17,w_mag_2002.txt,magazine
addition,addition/subtraction,add,729,w_mag_2002.txt,magazine
subtraction,addition/subtraction,subtract,0,w_mag_2002.txt,magazine
plus,plus/minus,add,436,w_mag_2002.txt,magazine
minus,plus/minus,subtract,49,w_mag_2002.txt,magazine
more,more/less,add,11249,w_mag_2002.txt,magazine
less,more/less,subtract,5087,w_mag_2002.txt,magazine
most,most/least,add,6869,w_mag_2002.txt,magazine
least,most/least,subtract,1438,w_mag_2002.txt,magazine
many,many/few,add,4089,w_mag_2002.txt,magazine
few,many/few,subtract,2738,w_mag_2002.txt,magazine
increase,increase/decrease,add,1128,w_mag_2002.txt,magazine
decrease,increase/decrease,subtract,127,w_mag_2002.txt,magazine
add,add/subtract,add,4583,w_mag_2003.txt,magazine
subtract,add/subtract,subtract,31,w_mag_2003.txt,magazine
addition,addition/subtraction,add,795,w_mag_2003.txt,magazine
subtraction,addition/subtraction,subtract,5,w_mag_2003.txt,magazine
plus,plus/minus,add,564,w_mag_2003.txt,magazine
minus,plus/minus,subtract,54,w_mag_2003.txt,magazine
more,more/less,add,11670,w_mag_2003.txt,magazine
less,more/less,subtract,5005,w_mag_2003.txt,magazine
most,most/least,add,6749,w_mag_2003.txt,magazine
least,most/least,subtract,1346,w_mag_2003.txt,magazine
many,many/few,add,3815,w_mag_2003.txt,magazine
few,many/few,subtract,2686,w_mag_2003.txt,magazine
increase,increase/decrease,add,1137,w_mag_2003.txt,magazine
decrease,increase/decrease,subtract,145,w_mag_2003.txt,magazine
add,add/subtract,add,4023,w_mag_2004.txt,magazine
subtract,add/subtract,subtract,34,w_mag_2004.txt,magazine
addition,addition/subtraction,add,804,w_mag_2004.txt,magazine
subtraction,addition/subtraction,subtract,4,w_mag_2004.txt,magazine
plus,plus/minus,add,570,w_mag_2004.txt,magazine
minus,plus/minus,subtract,51,w_mag_2004.txt,magazine
more,more/less,add,11087,w_mag_2004.txt,magazine
less,more/less,subtract,4766,w_mag_2004.txt,magazine
most,most/least,add,6646,w_mag_2004.txt,magazine
least,most/least,subtract,1343,w_mag_2004.txt,magazine
many,many/few,add,3808,w_mag_2004.txt,magazine
few,many/few,subtract,2659,w_mag_2004.txt,magazine
increase,increase/decrease,add,869,w_mag_2004.txt,magazine
decrease,increase/decrease,subtract,143,w_mag_2004.txt,magazine
add,add/subtract,add,4161,w_mag_2005.txt,magazine
subtract,add/subtract,subtract,26,w_mag_2005.txt,magazine
addition,addition/subtraction,add,757,w_mag_2005.txt,magazine
subtraction,addition/subtraction,subtract,0,w_mag_2005.txt,magazine
plus,plus/minus,add,575,w_mag_2005.txt,magazine
minus,plus/minus,subtract,59,w_mag_2005.txt,magazine
more,more/less,add,11439,w_mag_2005.txt,magazine
less,more/less,subtract,4889,w_mag_2005.txt,magazine
most,most/least,add,6826,w_mag_2005.txt,magazine
least,most/least,subtract,1326,w_mag_2005.txt,magazine
many,many/few,add,3933,w_mag_2005.txt,magazine
few,many/few,subtract,2856,w_mag_2005.txt,magazine
increase,increase/decrease,add,871,w_mag_2005.txt,magazine
decrease,increase/decrease,subtract,119,w_mag_2005.txt,magazine
add,add/subtract,add,4066,w_mag_2006.txt,magazine
subtract,add/subtract,subtract,9,w_mag_2006.txt,magazine
addition,addition/subtraction,add,749,w_mag_2006.txt,magazine
subtraction,addition/subtraction,subtract,1,w_mag_2006.txt,magazine
plus,plus/minus,add,633,w_mag_2006.txt,magazine
minus,plus/minus,subtract,51,w_mag_2006.txt,magazine
more,more/less,add,11587,w_mag_2006.txt,magazine
less,more/less,subtract,4914,w_mag_2006.txt,magazine
most,most/least,add,6724,w_mag_2006.txt,magazine
least,most/least,subtract,1344,w_mag_2006.txt,magazine
many,many/few,add,3828,w_mag_2006.txt,magazine
few,many/few,subtract,2649,w_mag_2006.txt,magazine
increase,increase/decrease,add,975,w_mag_2006.txt,magazine
decrease,increase/decrease,subtract,113,w_mag_2006.txt,magazine
add,add/subtract,add,4194,w_mag_2007.txt,magazine
subtract,add/subtract,subtract,11,w_mag_2007.txt,magazine
addition,addition/subtraction,add,836,w_mag_2007.txt,magazine
subtraction,addition/subtraction,subtract,0,w_mag_2007.txt,magazine
plus,plus/minus,add,600,w_mag_2007.txt,magazine
minus,plus/minus,subtract,58,w_mag_2007.txt,magazine
more,more/less,add,11382,w_mag_2007.txt,magazine
less,more/less,subtract,4794,w_mag_2007.txt,magazine
most,most/least,add,6574,w_mag_2007.txt,magazine
least,most/least,subtract,1341,w_mag_2007.txt,magazine
many,many/few,add,3706,w_mag_2007.txt,magazine
few,many/few,subtract,2692,w_mag_2007.txt,magazine
increase,increase/decrease,add,858,w_mag_2007.txt,magazine
decrease,increase/decrease,subtract,130,w_mag_2007.txt,magazine
add,add/subtract,add,4029,w_mag_2008.txt,magazine
subtract,add/subtract,subtract,15,w_mag_2008.txt,magazine
addition,addition/subtraction,add,708,w_mag_2008.txt,magazine
subtraction,addition/subtraction,subtract,2,w_mag_2008.txt,magazine
plus,plus/minus,add,620,w_mag_2008.txt,magazine
minus,plus/minus,subtract,58,w_mag_2008.txt,magazine
more,more/less,add,11612,w_mag_2008.txt,magazine
less,more/less,subtract,4894,w_mag_2008.txt,magazine
most,most/least,add,6386,w_mag_2008.txt,magazine
least,most/least,subtract,1311,w_mag_2008.txt,magazine
many,many/few,add,3704,w_mag_2008.txt,magazine
few,many/few,subtract,2696,w_mag_2008.txt,magazine
increase,increase/decrease,add,925,w_mag_2008.txt,magazine
decrease,increase/decrease,subtract,114,w_mag_2008.txt,magazine
add,add/subtract,add,3546,w_mag_2009.txt,magazine
subtract,add/subtract,subtract,23,w_mag_2009.txt,magazine
addition,addition/subtraction,add,590,w_mag_2009.txt,magazine
subtraction,addition/subtraction,subtract,2,w_mag_2009.txt,magazine
plus,plus/minus,add,674,w_mag_2009.txt,magazine
minus,plus/minus,subtract,49,w_mag_2009.txt,magazine
more,more/less,add,10573,w_mag_2009.txt,magazine
less,more/less,subtract,4628,w_mag_2009.txt,magazine
most,most/least,add,5773,w_mag_2009.txt,magazine
least,most/least,subtract,1261,w_mag_2009.txt,magazine
many,many/few,add,3321,w_mag_2009.txt,magazine
few,many/few,subtract,2493,w_mag_2009.txt,magazine
increase,increase/decrease,add,789,w_mag_2009.txt,magazine
decrease,increase/decrease,subtract,118,w_mag_2009.txt,magazine
add,add/subtract,add,3212,w_mag_2010.txt,magazine
subtract,add/subtract,subtract,14,w_mag_2010.txt,magazine
addition,addition/subtraction,add,514,w_mag_2010.txt,magazine
subtraction,addition/subtraction,subtract,2,w_mag_2010.txt,magazine
plus,plus/minus,add,665,w_mag_2010.txt,magazine
minus,plus/minus,subtract,49,w_mag_2010.txt,magazine
more,more/less,add,9635,w_mag_2010.txt,magazine
less,more/less,subtract,4338,w_mag_2010.txt,magazine
most,most/least,add,5393,w_mag_2010.txt,magazine
least,most/least,subtract,1132,w_mag_2010.txt,magazine
many,many/few,add,3230,w_mag_2010.txt,magazine
few,many/few,subtract,2362,w_mag_2010.txt,magazine
increase,increase/decrease,add,609,w_mag_2010.txt,magazine
decrease,increase/decrease,subtract,81,w_mag_2010.txt,magazine
add,add/subtract,add,3777,w_mag_2011.txt,magazine
subtract,add/subtract,subtract,10,w_mag_2011.txt,magazine
addition,addition/subtraction,add,578,w_mag_2011.txt,magazine
subtraction,addition/subtraction,subtract,1,w_mag_2011.txt,magazine
plus,plus/minus,add,725,w_mag_2011.txt,magazine
minus,plus/minus,subtract,58,w_mag_2011.txt,magazine
more,more/less,add,10440,w_mag_2011.txt,magazine
less,more/less,subtract,4662,w_mag_2011.txt,magazine
most,most/least,add,5995,w_mag_2011.txt,magazine
least,most/least,subtract,1182,w_mag_2011.txt,magazine
many,many/few,add,3251,w_mag_2011.txt,magazine
few,many/few,subtract,2694,w_mag_2011.txt,magazine
increase,increase/decrease,add,730,w_mag_2011.txt,magazine
decrease,increase/decrease,subtract,101,w_mag_2011.txt,magazine
add,add/subtract,add,2182,w_mag_2012.txt,magazine
subtract,add/subtract,subtract,12,w_mag_2012.txt,magazine
addition,addition/subtraction,add,276,w_mag_2012.txt,magazine
subtraction,addition/subtraction,subtract,4,w_mag_2012.txt,magazine
plus,plus/minus,add,391,w_mag_2012.txt,magazine
minus,plus/minus,subtract,30,w_mag_2012.txt,magazine
more,more/less,add,5883,w_mag_2012.txt,magazine
less,more/less,subtract,2486,w_mag_2012.txt,magazine
most,most/least,add,3157,w_mag_2012.txt,magazine
least,most/least,subtract,624,w_mag_2012.txt,magazine
many,many/few,add,1845,w_mag_2012.txt,magazine
few,many/few,subtract,1448,w_mag_2012.txt,magazine
increase,increase/decrease,add,442,w_mag_2012.txt,magazine
decrease,increase/decrease,subtract,75,w_mag_2012.txt,magazine
add,add/subtract,add,2120,w_fic_1990.txt,fiction
subtract,add/subtract,subtract,7,w_fic_1990.txt,fiction
addition,addition/subtraction,add,76,w_fic_1990.txt,fiction
subtraction,addition/subtraction,subtract,1,w_fic_1990.txt,fiction
plus,plus/minus,add,82,w_fic_1990.txt,fiction
minus,plus/minus,subtract,23,w_fic_1990.txt,fiction
more,more/less,add,6395,w_fic_1990.txt,fiction
less,more/less,subtract,3704,w_fic_1990.txt,fiction
most,most/least,add,3855,w_fic_1990.txt,fiction
least,most/least,subtract,1083,w_fic_1990.txt,fiction
many,many/few,add,1599,w_fic_1990.txt,fiction
few,many/few,subtract,2182,w_fic_1990.txt,fiction
increase,increase/decrease,add,90,w_fic_1990.txt,fiction
decrease,increase/decrease,subtract,5,w_fic_1990.txt,fiction
add,add/subtract,add,2375,w_fic_1991.txt,fiction
subtract,add/subtract,subtract,6,w_fic_1991.txt,fiction
addition,addition/subtraction,add,107,w_fic_1991.txt,fiction
subtraction,addition/subtraction,subtract,1,w_fic_1991.txt,fiction
plus,plus/minus,add,129,w_fic_1991.txt,fiction
minus,plus/minus,subtract,32,w_fic_1991.txt,fiction
more,more/less,add,6698,w_fic_1991.txt,fiction
less,more/less,subtract,4111,w_fic_1991.txt,fiction
most,most/least,add,3883,w_fic_1991.txt,fiction
least,most/least,subtract,1130,w_fic_1991.txt,fiction
many,many/few,add,1591,w_fic_1991.txt,fiction
few,many/few,subtract,2182,w_fic_1991.txt,fiction
increase,increase/decrease,add,86,w_fic_1991.txt,fiction
decrease,increase/decrease,subtract,10,w_fic_1991.txt,fiction
add,add/subtract,add,2213,w_fic_1992.txt,fiction
subtract,add/subtract,subtract,5,w_fic_1992.txt,fiction
addition,addition/subtraction,add,99,w_fic_1992.txt,fiction
subtraction,addition/subtraction,subtract,1,w_fic_1992.txt,fiction
plus,plus/minus,add,108,w_fic_1992.txt,fiction
minus,plus/minus,subtract,20,w_fic_1992.txt,fiction
more,more/less,add,5863,w_fic_1992.txt,fiction
less,more/less,subtract,3571,w_fic_1992.txt,fiction
most,most/least,add,3289,w_fic_1992.txt,fiction
least,most/least,subtract,894,w_fic_1992.txt,fiction
many,many/few,add,1555,w_fic_1992.txt,fiction
few,many/few,subtract,1979,w_fic_1992.txt,fiction
increase,increase/decrease,add,87,w_fic_1992.txt,fiction
decrease,increase/decrease,subtract,8,w_fic_1992.txt,fiction
add,add/subtract,add,2031,w_fic_1993.txt,fiction
subtract,add/subtract,subtract,5,w_fic_1993.txt,fiction
addition,addition/subtraction,add,83,w_fic_1993.txt,fiction
subtraction,addition/subtraction,subtract,1,w_fic_1993.txt,fiction
plus,plus/minus,add,92,w_fic_1993.txt,fiction
minus,plus/minus,subtract,26,w_fic_1993.txt,fiction
more,more/less,add,5776,w_fic_1993.txt,fiction
less,more/less,subtract,3538,w_fic_1993.txt,fiction
most,most/least,add,3397,w_fic_1993.txt,fiction
least,most/least,subtract,952,w_fic_1993.txt,fiction
many,many/few,add,1435,w_fic_1993.txt,fiction
few,many/few,subtract,1972,w_fic_1993.txt,fiction
increase,increase/decrease,add,59,w_fic_1993.txt,fiction
decrease,increase/decrease,subtract,6,w_fic_1993.txt,fiction
add,add/subtract,add,2013,w_fic_1994.txt,fiction
subtract,add/subtract,subtract,6,w_fic_1994.txt,fiction
addition,addition/subtraction,add,76,w_fic_1994.txt,fiction
subtraction,addition/subtraction,subtract,2,w_fic_1994.txt,fiction
plus,plus/minus,add,116,w_fic_1994.txt,fiction
minus,plus/minus,subtract,17,w_fic_1994.txt,fiction
more,more/less,add,5619,w_fic_1994.txt,fiction
less,more/less,subtract,3268,w_fic_1994.txt,fiction
most,most/least,add,3117,w_fic_1994.txt,fiction
least,most/least,subtract,840,w_fic_1994.txt,fiction
many,many/few,add,1571,w_fic_1994.txt,fiction
few,many/few,subtract,1904,w_fic_1994.txt,fiction
increase,increase/decrease,add,75,w_fic_1994.txt,fiction
decrease,increase/decrease,subtract,6,w_fic_1994.txt,fiction
add,add/subtract,add,1921,w_fic_1995.txt,fiction
subtract,add/subtract,subtract,10,w_fic_1995.txt,fiction
addition,addition/subtraction,add,97,w_fic_1995.txt,fiction
subtraction,addition/subtraction,subtract,1,w_fic_1995.txt,fiction
plus,plus/minus,add,152,w_fic_1995.txt,fiction
minus,plus/minus,subtract,27,w_fic_1995.txt,fiction
more,more/less,add,5756,w_fic_1995.txt,fiction
less,more/less,subtract,3553,w_fic_1995.txt,fiction
most,most/least,add,3443,w_fic_1995.txt,fiction
least,most/least,subtract,1092,w_fic_1995.txt,fiction
many,many/few,add,1392,w_fic_1995.txt,fiction
few,many/few,subtract,1854,w_fic_1995.txt,fiction
increase,increase/decrease,add,73,w_fic_1995.txt,fiction
decrease,increase/decrease,subtract,5,w_fic_1995.txt,fiction
add,add/subtract,add,2166,w_fic_1996.txt,fiction
subtract,add/subtract,subtract,3,w_fic_1996.txt,fiction
addition,addition/subtraction,add,104,w_fic_1996.txt,fiction
subtraction,addition/subtraction,subtract,0,w_fic_1996.txt,fiction
plus,plus/minus,add,108,w_fic_1996.txt,fiction
minus,plus/minus,subtract,34,w_fic_1996.txt,fiction
more,more/less,add,5282,w_fic_1996.txt,fiction
less,more/less,subtract,3368,w_fic_1996.txt,fiction
most,most/least,add,3192,w_fic_1996.txt,fiction
least,most/least,subtract,874,w_fic_1996.txt,fiction
many,many/few,add,1571,w_fic_1996.txt,fiction
few,many/few,subtract,1923,w_fic_1996.txt,fiction
increase,increase/decrease,add,88,w_fic_1996.txt,fiction
decrease,increase/decrease,subtract,8,w_fic_1996.txt,fiction
add,add/subtract,add,1855,w_fic_1997.txt,fiction
subtract,add/subtract,subtract,8,w_fic_1997.txt,fiction
addition,addition/subtraction,add,80,w_fic_1997.txt,fiction
subtraction,addition/subtraction,subtract,3,w_fic_1997.txt,fiction
plus,plus/minus,add,92,w_fic_1997.txt,fiction
minus,plus/minus,subtract,44,w_fic_1997.txt,fiction
more,more/less,add,5412,w_fic_1997.txt,fiction
less,more/less,subtract,3217,w_fic_1997.txt,fiction
most,most/least,add,3144,w_fic_1997.txt,fiction
least,most/least,subtract,860,w_fic_1997.txt,fiction
many,many/few,add,1340,w_fic_1997.txt,fiction
few,many/few,subtract,2066,w_fic_1997.txt,fiction
increase,increase/decrease,add,62,w_fic_1997.txt,fiction
decrease,increase/decrease,subtract,2,w_fic_1997.txt,fiction
add,add/subtract,add,1802,w_fic_1998.txt,fiction
subtract,add/subtract,subtract,6,w_fic_1998.txt,fiction
addition,addition/subtraction,add,82,w_fic_1998.txt,fiction
subtraction,addition/subtraction,subtract,2,w_fic_1998.txt,fiction
plus,plus/minus,add,111,w_fic_1998.txt,fiction
minus,plus/minus,subtract,21,w_fic_1998.txt,fiction
more,more/less,add,5883,w_fic_1998.txt,fiction
less,more/less,subtract,3364,w_fic_1998.txt,fiction
most,most/least,add,3300,w_fic_1998.txt,fiction
least,most/least,subtract,880,w_fic_1998.txt,fiction
many,many/few,add,1498,w_fic_1998.txt,fiction
few,many/few,subtract,2084,w_fic_1998.txt,fiction
increase,increase/decrease,add,77,w_fic_1998.txt,fiction
decrease,increase/decrease,subtract,3,w_fic_1998.txt,fiction
add,add/subtract,add,2025,w_fic_1999.txt,fiction
subtract,add/subtract,subtract,7,w_fic_1999.txt,fiction
addition,addition/subtraction,add,92,w_fic_1999.txt,fiction
subtraction,addition/subtraction,subtract,2,w_fic_1999.txt,fiction
plus,plus/minus,add,145,w_fic_1999.txt,fiction
minus,plus/minus,subtract,44,w_fic_1999.txt,fiction
more,more/less,add,6455,w_fic_1999.txt,fiction
less,more/less,subtract,3508,w_fic_1999.txt,fiction
most,most/least,add,3824,w_fic_1999.txt,fiction
least,most/least,subtract,1186,w_fic_1999.txt,fiction
many,many/few,add,1661,w_fic_1999.txt,fiction
few,many/few,subtract,2308,w_fic_1999.txt,fiction
increase,increase/decrease,add,90,w_fic_1999.txt,fiction
decrease,increase/decrease,subtract,12,w_fic_1999.txt,fiction
add,add/subtract,add,2273,w_fic_2000.txt,fiction
subtract,add/subtract,subtract,6,w_fic_2000.txt,fiction
addition,addition/subtraction,add,103,w_fic_2000.txt,fiction
subtraction,addition/subtraction,subtract,0,w_fic_2000.txt,fiction
plus,plus/minus,add,130,w_fic_2000.txt,fiction
minus,plus/minus,subtract,51,w_fic_2000.txt,fiction
more,more/less,add,6261,w_fic_2000.txt,fiction
less,more/less,subtract,3759,w_fic_2000.txt,fiction
most,most/least,add,3532,w_fic_2000.txt,fiction
least,most/least,subtract,953,w_fic_2000.txt,fiction
many,many/few,add,1686,w_fic_2000.txt,fiction
few,many/few,subtract,2176,w_fic_2000.txt,fiction
increase,increase/decrease,add,105,w_fic_2000.txt,fiction
decrease,increase/decrease,subtract,14,w_fic_2000.txt,fiction
add,add/subtract,add,1954,w_fic_2001.txt,fiction
subtract,add/subtract,subtract,4,w_fic_2001.txt,fiction
addition,addition/subtraction,add,84,w_fic_2001.txt,fiction
subtraction,addition/subtraction,subtract,0,w_fic_2001.txt,fiction
plus,plus/minus,add,135,w_fic_2001.txt,fiction
minus,plus/minus,subtract,31,w_fic_2001.txt,fiction
more,more/less,add,5894,w_fic_2001.txt,fiction
less,more/less,subtract,3548,w_fic_2001.txt,fiction
most,most/least,add,3599,w_fic_2001.txt,fiction
least,most/least,subtract,975,w_fic_2001.txt,fiction
many,many/few,add,1587,w_fic_2001.txt,fiction
few,many/few,subtract,2232,w_fic_2001.txt,fiction
increase,increase/decrease,add,82,w_fic_2001.txt,fiction
decrease,increase/decrease,subtract,11,w_fic_2001.txt,fiction
add,add/subtract,add,1770,w_fic_2002.txt,fiction
subtract,add/subtract,subtract,9,w_fic_2002.txt,fiction
addition,addition/subtraction,add,90,w_fic_2002.txt,fiction
subtraction,addition/subtraction,subtract,3,w_fic_2002.txt,fiction
plus,plus/minus,add,155,w_fic_2002.txt,fiction
minus,plus/minus,subtract,25,w_fic_2002.txt,fiction
more,more/less,add,5910,w_fic_2002.txt,fiction
less,more/less,subtract,3588,w_fic_2002.txt,fiction
most,most/least,add,3534,w_fic_2002.txt,fiction
least,most/least,subtract,925,w_fic_2002.txt,fiction
many,many/few,add,1659,w_fic_2002.txt,fiction
few,many/few,subtract,2125,w_fic_2002.txt,fiction
increase,increase/decrease,add,95,w_fic_2002.txt,fiction
decrease,increase/decrease,subtract,3,w_fic_2002.txt,fiction
add,add/subtract,add,2231,w_fic_2003.txt,fiction
subtract,add/subtract,subtract,5,w_fic_2003.txt,fiction
addition,addition/subtraction,add,99,w_fic_2003.txt,fiction
subtraction,addition/subtraction,subtract,1,w_fic_2003.txt,fiction
plus,plus/minus,add,161,w_fic_2003.txt,fiction
minus,plus/minus,subtract,43,w_fic_2003.txt,fiction
more,more/less,add,6609,w_fic_2003.txt,fiction
less,more/less,subtract,3867,w_fic_2003.txt,fiction
most,most/least,add,3946,w_fic_2003.txt,fiction
least,most/least,subtract,1110,w_fic_2003.txt,fiction
many,many/few,add,1774,w_fic_2003.txt,fiction
few,many/few,subtract,2450,w_fic_2003.txt,fiction
increase,increase/decrease,add,113,w_fic_2003.txt,fiction
decrease,increase/decrease,subtract,24,w_fic_2003.txt,fiction
add,add/subtract,add,2165,w_fic_2004.txt,fiction
subtract,add/subtract,subtract,7,w_fic_2004.txt,fiction
addition,addition/subtraction,add,105,w_fic_2004.txt,fiction
subtraction,addition/subtraction,subtract,1,w_fic_2004.txt,fiction
plus,plus/minus,add,161,w_fic_2004.txt,fiction
minus,plus/minus,subtract,42,w_fic_2004.txt,fiction
more,more/less,add,6338,w_fic_2004.txt,fiction
less,more/less,subtract,3946,w_fic_2004.txt,fiction
most,most/least,add,3848,w_fic_2004.txt,fiction
least,most/least,subtract,1112,w_fic_2004.txt,fiction
many,many/few,add,1755,w_fic_2004.txt,fiction
few,many/few,subtract,2511,w_fic_2004.txt,fiction
increase,increase/decrease,add,92,w_fic_2004.txt,fiction
decrease,increase/decrease,subtract,8,w_fic_2004.txt,fiction
add,add/subtract,add,2474,w_fic_2005.txt,fiction
subtract,add/subtract,subtract,6,w_fic_2005.txt,fiction
addition,addition/subtraction,add,127,w_fic_2005.txt,fiction
subtraction,addition/subtraction,subtract,1,w_fic_2005.txt,fiction
plus,plus/minus,add,167,w_fic_2005.txt,fiction
minus,plus/minus,subtract,38,w_fic_2005.txt,fiction
more,more/less,add,6433,w_fic_2005.txt,fiction
less,more/less,subtract,3980,w_fic_2005.txt,fiction
most,most/least,add,3829,w_fic_2005.txt,fiction
least,most/least,subtract,1185,w_fic_2005.txt,fiction
many,many/few,add,1753,w_fic_2005.txt,fiction
few,many/few,subtract,2595,w_fic_2005.txt,fiction
increase,increase/decrease,add,94,w_fic_2005.txt,fiction
decrease,increase/decrease,subtract,7,w_fic_2005.txt,fiction
add,add/subtract,add,2106,w_fic_2006.txt,fiction
subtract,add/subtract,subtract,6,w_fic_2006.txt,fiction
addition,addition/subtraction,add,102,w_fic_2006.txt,fiction
subtraction,addition/subtraction,subtract,0,w_fic_2006.txt,fiction
plus,plus/minus,add,155,w_fic_2006.txt,fiction
minus,plus/minus,subtract,41,w_fic_2006.txt,fiction
more,more/less,add,6660,w_fic_2006.txt,fiction
less,more/less,subtract,3950,w_fic_2006.txt,fiction
most,most/least,add,4068,w_fic_2006.txt,fiction
least,most/least,subtract,1175,w_fic_2006.txt,fiction
many,many/few,add,1823,w_fic_2006.txt,fiction
few,many/few,subtract,2525,w_fic_2006.txt,fiction
increase,increase/decrease,add,97,w_fic_2006.txt,fiction
decrease,increase/decrease,subtract,5,w_fic_2006.txt,fiction
add,add/subtract,add,2063,w_fic_2007.txt,fiction
subtract,add/subtract,subtract,5,w_fic_2007.txt,fiction
addition,addition/subtraction,add,123,w_fic_2007.txt,fiction
subtraction,addition/subtraction,subtract,0,w_fic_2007.txt,fiction
plus,plus/minus,add,145,w_fic_2007.txt,fiction
minus,plus/minus,subtract,46,w_fic_2007.txt,fiction
more,more/less,add,6292,w_fic_2007.txt,fiction
less,more/less,subtract,3688,w_fic_2007.txt,fiction
most,most/least,add,3705,w_fic_2007.txt,fiction
least,most/least,subtract,1109,w_fic_2007.txt,fiction
many,many/few,add,1659,w_fic_2007.txt,fiction
few,many/few,subtract,2492,w_fic_2007.txt,fiction
increase,increase/decrease,add,126,w_fic_2007.txt,fiction
decrease,increase/decrease,subtract,5,w_fic_2007.txt,fiction
add,add/subtract,add,2187,w_fic_2008.txt,fiction
subtract,add/subtract,subtract,7,w_fic_2008.txt,fiction
addition,addition/subtraction,add,157,w_fic_2008.txt,fiction
subtraction,addition/subtraction,subtract,0,w_fic_2008.txt,fiction
plus,plus/minus,add,175,w_fic_2008.txt,fiction
minus,plus/minus,subtract,42,w_fic_2008.txt,fiction
more,more/less,add,7118,w_fic_2008.txt,fiction
less,more/less,subtract,4060,w_fic_2008.txt,fiction
most,most/least,add,4278,w_fic_2008.txt,fiction
least,most/least,subtract,1483,w_fic_2008.txt,fiction
many,many/few,add,1824,w_fic_2008.txt,fiction
few,many/few,subtract,2795,w_fic_2008.txt,fiction
increase,increase/decrease,add,106,w_fic_2008.txt,fiction
decrease,increase/decrease,subtract,7,w_fic_2008.txt,fiction
add,add/subtract,add,2267,w_fic_2009.txt,fiction
subtract,add/subtract,subtract,13,w_fic_2009.txt,fiction
addition,addition/subtraction,add,116,w_fic_2009.txt,fiction
subtraction,addition/subtraction,subtract,2,w_fic_2009.txt,fiction
plus,plus/minus,add,180,w_fic_2009.txt,fiction
minus,plus/minus,subtract,64,w_fic_2009.txt,fiction
more,more/less,add,7058,w_fic_2009.txt,fiction
less,more/less,subtract,4072,w_fic_2009.txt,fiction
most,most/least,add,4359,w_fic_2009.txt,fiction
least,most/least,subtract,1345,w_fic_2009.txt,fiction
many,many/few,add,1935,w_fic_2009.txt,fiction
few,many/few,subtract,2776,w_fic_2009.txt,fiction
increase,increase/decrease,add,121,w_fic_2009.txt,fiction
decrease,increase/decrease,subtract,13,w_fic_2009.txt,fiction
add,add/subtract,add,2252,w_fic_2010.txt,fiction
subtract,add/subtract,subtract,6,w_fic_2010.txt,fiction
addition,addition/subtraction,add,137,w_fic_2010.txt,fiction
subtraction,addition/subtraction,subtract,0,w_fic_2010.txt,fiction
plus,plus/minus,add,146,w_fic_2010.txt,fiction
minus,plus/minus,subtract,40,w_fic_2010.txt,fiction
more,more/less,add,6980,w_fic_2010.txt,fiction
less,more/less,subtract,3818,w_fic_2010.txt,fiction
most,most/least,add,4106,w_fic_2010.txt,fiction
least,most/least,subtract,1342,w_fic_2010.txt,fiction
many,many/few,add,1814,w_fic_2010.txt,fiction
few,many/few,subtract,2716,w_fic_2010.txt,fiction
increase,increase/decrease,add,126,w_fic_2010.txt,fiction
decrease,increase/decrease,subtract,5,w_fic_2010.txt,fiction
add,add/subtract,add,2191,w_fic_2011.txt,fiction
subtract,add/subtract,subtract,11,w_fic_2011.txt,fiction
addition,addition/subtraction,add,122,w_fic_2011.txt,fiction
subtraction,addition/subtraction,subtract,4,w_fic_2011.txt,fiction
plus,plus/minus,add,154,w_fic_2011.txt,fiction
minus,plus/minus,subtract,33,w_fic_2011.txt,fiction
more,more/less,add,7112,w_fic_2011.txt,fiction
less,more/less,subtract,3997,w_fic_2011.txt,fiction
most,most/least,add,4399,w_fic_2011.txt,fiction
least,most/least,subtract,1276,w_fic_2011.txt,fiction
many,many/few,add,2038,w_fic_2011.txt,fiction
few,many/few,subtract,2722,w_fic_2011.txt,fiction
increase,increase/decrease,add,95,w_fic_2011.txt,fiction
decrease,increase/decrease,subtract,8,w_fic_2011.txt,fiction
add,add/subtract,add,1270,w_fic_2012.txt,fiction
subtract,add/subtract,subtract,3,w_fic_2012.txt,fiction
addition,addition/subtraction,add,94,w_fic_2012.txt,fiction
subtraction,addition/subtraction,subtract,1,w_fic_2012.txt,fiction
plus,plus/minus,add,102,w_fic_2012.txt,fiction
minus,plus/minus,subtract,19,w_fic_2012.txt,fiction
more,more/less,add,3965,w_fic_2012.txt,fiction
less,more/less,subtract,2109,w_fic_2012.txt,fiction
most,most/least,add,2434,w_fic_2012.txt,fiction
least,most/least,subtract,773,w_fic_2012.txt,fiction
many,many/few,add,1069,w_fic_2012.txt,fiction
few,many/few,subtract,1587,w_fic_2012.txt,fiction
increase,increase/decrease,add,59,w_fic_2012.txt,fiction
decrease,increase/decrease,subtract,5,w_fic_2012.txt,fiction
add,add/subtract,add,3984,w_news_1990.txt,news
subtract,add/subtract,subtract,14,w_news_1990.txt,news
addition,addition/subtraction,add,699,w_news_1990.txt,news
subtraction,addition/subtraction,subtract,4,w_news_1990.txt,news
plus,plus/minus,add,381,w_news_1990.txt,news
minus,plus/minus,subtract,51,w_news_1990.txt,news
more,more/less,add,9798,w_news_1990.txt,news
less,more/less,subtract,3875,w_news_1990.txt,news
most,most/least,add,5851,w_news_1990.txt,news
least,most/least,subtract,1154,w_news_1990.txt,news
many,many/few,add,4654,w_news_1990.txt,news
few,many/few,subtract,2113,w_news_1990.txt,news
increase,increase/decrease,add,1147,w_news_1990.txt,news
decrease,increase/decrease,subtract,83,w_news_1990.txt,news
add,add/subtract,add,4112,w_news_1991.txt,news
subtract,add/subtract,subtract,8,w_news_1991.txt,news
addition,addition/subtraction,add,598,w_news_1991.txt,news
subtraction,addition/subtraction,subtract,0,w_news_1991.txt,news
plus,plus/minus,add,356,w_news_1991.txt,news
minus,plus/minus,subtract,51,w_news_1991.txt,news
more,more/less,add,9543,w_news_1991.txt,news
less,more/less,subtract,3838,w_news_1991.txt,news
most,most/least,add,5696,w_news_1991.txt,news
least,most/least,subtract,1250,w_news_1991.txt,news
many,many/few,add,4496,w_news_1991.txt,news
few,many/few,subtract,2092,w_news_1991.txt,news
increase,increase/decrease,add,1089,w_news_1991.txt,news
decrease,increase/decrease,subtract,81,w_news_1991.txt,news
add,add/subtract,add,3081,w_news_1992.txt,news
subtract,add/subtract,subtract,19,w_news_1992.txt,news
addition,addition/subtraction,add,616,w_news_1992.txt,news
subtraction,addition/subtraction,subtract,2,w_news_1992.txt,news
plus,plus/minus,add,424,w_news_1992.txt,news
minus,plus/minus,subtract,69,w_news_1992.txt,news
more,more/less,add,9538,w_news_1992.txt,news
less,more/less,subtract,3842,w_news_1992.txt,news
most,most/least,add,5956,w_news_1992.txt,news
least,most/least,subtract,1155,w_news_1992.txt,news
many,many/few,add,4248,w_news_1992.txt,news
few,many/few,subtract,2072,w_news_1992.txt,news
increase,increase/decrease,add,1057,w_news_1992.txt,news
decrease,increase/decrease,subtract,60,w_news_1992.txt,news
add,add/subtract,add,3236,w_news_1993.txt,news
subtract,add/subtract,subtract,12,w_news_1993.txt,news
addition,addition/subtraction,add,633,w_news_1993.txt,news
subtraction,addition/subtraction,subtract,1,w_news_1993.txt,news
plus,plus/minus,add,465,w_news_1993.txt,news
minus,plus/minus,subtract,37,w_news_1993.txt,news
more,more/less,add,9998,w_news_1993.txt,news
less,more/less,subtract,3935,w_news_1993.txt,news
most,most/least,add,5950,w_news_1993.txt,news
least,most/least,subtract,1190,w_news_1993.txt,news
many,many/few,add,4287,w_news_1993.txt,news
few,many/few,subtract,2269,w_news_1993.txt,news
increase,increase/decrease,add,1033,w_news_1993.txt,news
decrease,increase/decrease,subtract,50,w_news_1993.txt,news
add,add/subtract,add,3271,w_news_1994.txt,news
subtract,add/subtract,subtract,14,w_news_1994.txt,news
addition,addition/subtraction,add,650,w_news_1994.txt,news
subtraction,addition/subtraction,subtract,0,w_news_1994.txt,news
plus,plus/minus,add,378,w_news_1994.txt,news
minus,plus/minus,subtract,47,w_news_1994.txt,news
more,more/less,add,9932,w_news_1994.txt,news
less,more/less,subtract,3855,w_news_1994.txt,news
most,most/least,add,5890,w_news_1994.txt,news
least,most/least,subtract,1313,w_news_1994.txt,news
many,many/few,add,4268,w_news_1994.txt,news
few,many/few,subtract,2224,w_news_1994.txt,news
increase,increase/decrease,add,905,w_news_1994.txt,news
decrease,increase/decrease,subtract,59,w_news_1994.txt,news
add,add/subtract,add,3235,w_news_1995.txt,news
subtract,add/subtract,subtract,6,w_news_1995.txt,news
addition,addition/subtraction,add,617,w_news_1995.txt,news
subtraction,addition/subtraction,subtract,0,w_news_1995.txt,news
plus,plus/minus,add,439,w_news_1995.txt,news
minus,plus/minus,subtract,55,w_news_1995.txt,news
more,more/less,add,10170,w_news_1995.txt,news
less,more/less,subtract,3780,w_news_1995.txt,news
most,most/least,add,5734,w_news_1995.txt,news
least,most/least,subtract,1176,w_news_1995.txt,news
many,many/few,add,4184,w_news_1995.txt,news
few,many/few,subtract,2150,w_news_1995.txt,news
increase,increase/decrease,add,1033,w_news_1995.txt,news
decrease,increase/decrease,subtract,68,w_news_1995.txt,news
add,add/subtract,add,3349,w_news_1996.txt,news
subtract,add/subtract,subtract,15,w_news_1996.txt,news
addition,addition/subtraction,add,667,w_news_1996.txt,news
subtraction,addition/subtraction,subtract,1,w_news_1996.txt,news
plus,plus/minus,add,403,w_news_1996.txt,news
minus,plus/minus,subtract,54,w_news_1996.txt,news
more,more/less,add,9861,w_news_1996.txt,news
less,more/less,subtract,3422,w_news_1996.txt,news
most,most/least,add,5526,w_news_1996.txt,news
least,most/least,subtract,1207,w_news_1996.txt,news
many,many/few,add,4006,w_news_1996.txt,news
few,many/few,subtract,2085,w_news_1996.txt,news
increase,increase/decrease,add,977,w_news_1996.txt,news
decrease,increase/decrease,subtract,63,w_news_1996.txt,news
add,add/subtract,add,3440,w_news_1997.txt,news
subtract,add/subtract,subtract,13,w_news_1997.txt,news
addition,addition/subtraction,add,742,w_news_1997.txt,news
subtraction,addition/subtraction,subtract,4,w_news_1997.txt,news
plus,plus/minus,add,543,w_news_1997.txt,news
minus,plus/minus,subtract,61,w_news_1997.txt,news
more,more/less,add,10269,w_news_1997.txt,news
less,more/less,subtract,3649,w_news_1997.txt,news
most,most/least,add,5688,w_news_1997.txt,news
least,most/least,subtract,1324,w_news_1997.txt,news
many,many/few,add,4047,w_news_1997.txt,news
few,many/few,subtract,2214,w_news_1997.txt,news
increase,increase/decrease,add,1080,w_news_1997.txt,news
decrease,increase/decrease,subtract,63,w_news_1997.txt,news
add,add/subtract,add,3437,w_news_1998.txt,news
subtract,add/subtract,subtract,14,w_news_1998.txt,news
addition,addition/subtraction,add,714,w_news_1998.txt,news
subtraction,addition/subtraction,subtract,3,w_news_1998.txt,news
plus,plus/minus,add,543,w_news_1998.txt,news
minus,plus/minus,subtract,70,w_news_1998.txt,news
more,more/less,add,9939,w_news_1998.txt,news
less,more/less,subtract,3527,w_news_1998.txt,news
most,most/least,add,5480,w_news_1998.txt,news
least,most/least,subtract,1261,w_news_1998.txt,news
many,many/few,add,4030,w_news_1998.txt,news
few,many/few,subtract,2098,w_news_1998.txt,news
increase,increase/decrease,add,980,w_news_1998.txt,news
decrease,increase/decrease,subtract,46,w_news_1998.txt,news
add,add/subtract,add,3486,w_news_1999.txt,news
subtract,add/subtract,subtract,16,w_news_1999.txt,news
addition,addition/subtraction,add,706,w_news_1999.txt,news
subtraction,addition/subtraction,subtract,2,w_news_1999.txt,news
plus,plus/minus,add,515,w_news_1999.txt,news
minus,plus/minus,subtract,76,w_news_1999.txt,news
more,more/less,add,10216,w_news_1999.txt,news
less,more/less,subtract,3740,w_news_1999.txt,news
most,most/least,add,5538,w_news_1999.txt,news
least,most/least,subtract,1256,w_news_1999.txt,news
many,many/few,add,3910,w_news_1999.txt,news
few,many/few,subtract,2193,w_news_1999.txt,news
increase,increase/decrease,add,883,w_news_1999.txt,news
decrease,increase/decrease,subtract,60,w_news_1999.txt,news
add,add/subtract,add,3361,w_news_2000.txt,news
subtract,add/subtract,subtract,13,w_news_2000.txt,news
addition,addition/subtraction,add,675,w_news_2000.txt,news
subtraction,addition/subtraction,subtract,1,w_news_2000.txt,news
plus,plus/minus,add,541,w_news_2000.txt,news
minus,plus/minus,subtract,45,w_news_2000.txt,news
more,more/less,add,10461,w_news_2000.txt,news
less,more/less,subtract,3616,w_news_2000.txt,news
most,most/least,add,5654,w_news_2000.txt,news
least,most/least,subtract,1151,w_news_2000.txt,news
many,many/few,add,3887,w_news_2000.txt,news
few,many/few,subtract,2100,w_news_2000.txt,news
increase,increase/decrease,add,888,w_news_2000.txt,news
decrease,increase/decrease,subtract,68,w_news_2000.txt,news
add,add/subtract,add,3152,w_news_2001.txt,news
subtract,add/subtract,subtract,13,w_news_2001.txt,news
addition,addition/subtraction,add,662,w_news_2001.txt,news
subtraction,addition/subtraction,subtract,0,w_news_2001.txt,news
plus,plus/minus,add,458,w_news_2001.txt,news
minus,plus/minus,subtract,61,w_news_2001.txt,news
more,more/less,add,10441,w_news_2001.txt,news
less,more/less,subtract,3628,w_news_2001.txt,news
most,most/least,add,5557,w_news_2001.txt,news
least,most/least,subtract,1207,w_news_2001.txt,news
many,many/few,add,4087,w_news_2001.txt,news
few,many/few,subtract,2206,w_news_2001.txt,news
increase,increase/decrease,add,893,w_news_2001.txt,news
decrease,increase/decrease,subtract,81,w_news_2001.txt,news
add,add/subtract,add,3585,w_news_2002.txt,news
subtract,add/subtract,subtract,11,w_news_2002.txt,news
addition,addition/subtraction,add,604,w_news_2002.txt,news
subtraction,addition/subtraction,subtract,0,w_news_2002.txt,news
plus,plus/minus,add,394,w_news_2002.txt,news
minus,plus/minus,subtract,63,w_news_2002.txt,news
more,more/less,add,10156,w_news_2002.txt,news
less,more/less,subtract,3652,w_news_2002.txt,news
most,most/least,add,5571,w_news_2002.txt,news
least,most/least,subtract,1322,w_news_2002.txt,news
many,many/few,add,3934,w_news_2002.txt,news
few,many/few,subtract,2262,w_news_2002.txt,news
increase,increase/decrease,add,824,w_news_2002.txt,news
decrease,increase/decrease,subtract,52,w_news_2002.txt,news
add,add/subtract,add,4218,w_news_2003.txt,news
subtract,add/subtract,subtract,8,w_news_2003.txt,news
addition,addition/subtraction,add,681,w_news_2003.txt,news
subtraction,addition/subtraction,subtract,2,w_news_2003.txt,news
plus,plus/minus,add,454,w_news_2003.txt,news
minus,plus/minus,subtract,49,w_news_2003.txt,news
more,more/less,add,10204,w_news_2003.txt,news
less,more/less,subtract,3638,w_news_2003.txt,news
most,most/least,add,5611,w_news_2003.txt,news
least,most/least,subtract,1283,w_news_2003.txt,news
many,many/few,add,3943,w_news_2003.txt,news
few,many/few,subtract,2237,w_news_2003.txt,news
increase,increase/decrease,add,919,w_news_2003.txt,news
decrease,increase/decrease,subtract,52,w_news_2003.txt,news
add,add/subtract,add,3555,w_news_2004.txt,news
subtract,add/subtract,subtract,10,w_news_2004.txt,news
addition,addition/subtraction,add,629,w_news_2004.txt,news
subtraction,addition/subtraction,subtract,0,w_news_2004.txt,news
plus,plus/minus,add,376,w_news_2004.txt,news
minus,plus/minus,subtract,55,w_news_2004.txt,news
more,more/less,add,10204,w_news_2004.txt,news
less,more/less,subtract,3642,w_news_2004.txt,news
most,most/least,add,5585,w_news_2004.txt,news
least,most/least,subtract,1215,w_news_2004.txt,news
many,many/few,add,3832,w_news_2004.txt,news
few,many/few,subtract,2166,w_news_2004.txt,news
increase,increase/decrease,add,945,w_news_2004.txt,news
decrease,increase/decrease,subtract,43,w_news_2004.txt,news
add,add/subtract,add,3460,w_news_2005.txt,news
subtract,add/subtract,subtract,5,w_news_2005.txt,news
addition,addition/subtraction,add,626,w_news_2005.txt,news
subtraction,addition/subtraction,subtract,1,w_news_2005.txt,news
plus,plus/minus,add,401,w_news_2005.txt,news
minus,plus/minus,subtract,70,w_news_2005.txt,news
more,more/less,add,10507,w_news_2005.txt,news
less,more/less,subtract,3426,w_news_2005.txt,news
most,most/least,add,5480,w_news_2005.txt,news
least,most/least,subtract,1265,w_news_2005.txt,news
many,many/few,add,3894,w_news_2005.txt,news
few,many/few,subtract,2201,w_news_2005.txt,news
increase,increase/decrease,add,949,w_news_2005.txt,news
decrease,increase/decrease,subtract,58,w_news_2005.txt,news
add,add/subtract,add,3580,w_news_2006.txt,news
subtract,add/subtract,subtract,9,w_news_2006.txt,news
addition,addition/subtraction,add,659,w_news_2006.txt,news
subtraction,addition/subtraction,subtract,0,w_news_2006.txt,news
plus,plus/minus,add,418,w_news_2006.txt,news
minus,plus/minus,subtract,67,w_news_2006.txt,news
more,more/less,add,10591,w_news_2006.txt,news
less,more/less,subtract,3498,w_news_2006.txt,news
most,most/least,add,5419,w_news_2006.txt,news
least,most/least,subtract,1317,w_news_2006.txt,news
many,many/few,add,3949,w_news_2006.txt,news
few,many/few,subtract,2167,w_news_2006.txt,news
increase,increase/decrease,add,930,w_news_2006.txt,news
decrease,increase/decrease,subtract,50,w_news_2006.txt,news
add,add/subtract,add,3566,w_news_2007.txt,news
subtract,add/subtract,subtract,9,w_news_2007.txt,news
addition,addition/subtraction,add,663,w_news_2007.txt,news
subtraction,addition/subtraction,subtract,0,w_news_2007.txt,news
plus,plus/minus,add,386,w_news_2007.txt,news
minus,plus/minus,subtract,51,w_news_2007.txt,news
more,more/less,add,10412,w_news_2007.txt,news
less,more/less,subtract,3475,w_news_2007.txt,news
most,most/least,add,5156,w_news_2007.txt,news
least,most/least,subtract,1364,w_news_2007.txt,news
many,many/few,add,3512,w_news_2007.txt,news
few,many/few,subtract,2017,w_news_2007.txt,news
increase,increase/decrease,add,955,w_news_2007.txt,news
decrease,increase/decrease,subtract,56,w_news_2007.txt,news
add,add/subtract,add,3560,w_news_2008.txt,news
subtract,add/subtract,subtract,9,w_news_2008.txt,news
addition,addition/subtraction,add,675,w_news_2008.txt,news
subtraction,addition/subtraction,subtract,1,w_news_2008.txt,news
plus,plus/minus,add,461,w_news_2008.txt,news
minus,plus/minus,subtract,62,w_news_2008.txt,news
more,more/less,add,10200,w_news_2008.txt,news
less,more/less,subtract,3424,w_news_2008.txt,news
most,most/least,add,5119,w_news_2008.txt,news
least,most/least,subtract,1233,w_news_2008.txt,news
many,many/few,add,3648,w_news_2008.txt,news
few,many/few,subtract,2025,w_news_2008.txt,news
increase,increase/decrease,add,961,w_news_2008.txt,news
decrease,increase/decrease,subtract,71,w_news_2008.txt,news
add,add/subtract,add,3516,w_news_2009.txt,news
subtract,add/subtract,subtract,9,w_news_2009.txt,news
addition,addition/subtraction,add,720,w_news_2009.txt,news
subtraction,addition/subtraction,subtract,1,w_news_2009.txt,news
plus,plus/minus,add,396,w_news_2009.txt,news
minus,plus/minus,subtract,70,w_news_2009.txt,news
more,more/less,add,10501,w_news_2009.txt,news
less,more/less,subtract,3477,w_news_2009.txt,news
most,most/least,add,4881,w_news_2009.txt,news
least,most/least,subtract,1228,w_news_2009.txt,news
many,many/few,add,3418,w_news_2009.txt,news
few,many/few,subtract,2027,w_news_2009.txt,news
increase,increase/decrease,add,971,w_news_2009.txt,news
decrease,increase/decrease,subtract,80,w_news_2009.txt,news
add,add/subtract,add,3542,w_news_2010.txt,news
subtract,add/subtract,subtract,13,w_news_2010.txt,news
addition,addition/subtraction,add,653,w_news_2010.txt,news
subtraction,addition/subtraction,subtract,4,w_news_2010.txt,news
plus,plus/minus,add,464,w_news_2010.txt,news
minus,plus/minus,subtract,82,w_news_2010.txt,news
more,more/less,add,10495,w_news_2010.txt,news
less,more/less,subtract,3429,w_news_2010.txt,news
most,most/least,add,5293,w_news_2010.txt,news
least,most/least,subtract,1319,w_news_2010.txt,news
many,many/few,add,3651,w_news_2010.txt,news
few,many/few,subtract,2027,w_news_2010.txt,news
increase,increase/decrease,add,986,w_news_2010.txt,news
decrease,increase/decrease,subtract,77,w_news_2010.txt,news
add,add/subtract,add,4126,w_news_2011.txt,news
subtract,add/subtract,subtract,10,w_news_2011.txt,news
addition,addition/subtraction,add,717,w_news_2011.txt,news
subtraction,addition/subtraction,subtract,2,w_news_2011.txt,news
plus,plus/minus,add,343,w_news_2011.txt,news
minus,plus/minus,subtract,63,w_news_2011.txt,news
more,more/less,add,10198,w_news_2011.txt,news
less,more/less,subtract,3533,w_news_2011.txt,news
most,most/least,add,5264,w_news_2011.txt,news
least,most/least,subtract,1347,w_news_2011.txt,news
many,many/few,add,3529,w_news_2011.txt,news
few,many/few,subtract,2066,w_news_2011.txt,news
increase,increase/decrease,add,1046,w_news_2011.txt,news
decrease,increase/decrease,subtract,58,w_news_2011.txt,news
add,add/subtract,add,1941,w_news_2012.txt,news
subtract,add/subtract,subtract,13,w_news_2012.txt,news
addition,addition/subtraction,add,380,w_news_2012.txt,news
subtraction,addition/subtraction,subtract,1,w_news_2012.txt,news
plus,plus/minus,add,179,w_news_2012.txt,news
minus,plus/minus,subtract,11,w_news_2012.txt,news
more,more/less,add,5610,w_news_2012.txt,news
less,more/less,subtract,1779,w_news_2012.txt,news
most,most/least,add,2721,w_news_2012.txt,news
least,most/least,subtract,724,w_news_2012.txt,news
many,many/few,add,1883,w_news_2012.txt,news
few,many/few,subtract,997,w_news_2012.txt,news
increase,increase/decrease,add,549,w_news_2012.txt,news
decrease,increase/decrease,subtract,45,w_news_2012.txt,news
add,add/subtract,add,4824,w_spok_1990.txt,spoken
subtract,add/subtract,subtract,13,w_spok_1990.txt,spoken
addition,addition/subtraction,add,442,w_spok_1990.txt,spoken
subtraction,addition/subtraction,subtract,3,w_spok_1990.txt,spoken
plus,plus/minus,add,240,w_spok_1990.txt,spoken
minus,plus/minus,subtract,27,w_spok_1990.txt,spoken
more,more/less,add,9194,w_spok_1990.txt,spoken
less,more/less,subtract,3040,w_spok_1990.txt,spoken
most,most/least,add,5098,w_spok_1990.txt,spoken
least,most/least,subtract,1362,w_spok_1990.txt,spoken
many,many/few,add,4647,w_spok_1990.txt,spoken
few,many/few,subtract,1723,w_spok_1990.txt,spoken
increase,increase/decrease,add,1141,w_spok_1990.txt,spoken
decrease,increase/decrease,subtract,46,w_spok_1990.txt,spoken
add,add/subtract,add,4908,w_spok_1991.txt,spoken
subtract,add/subtract,subtract,9,w_spok_1991.txt,spoken
addition,addition/subtraction,add,400,w_spok_1991.txt,spoken
subtraction,addition/subtraction,subtract,1,w_spok_1991.txt,spoken
plus,plus/minus,add,254,w_spok_1991.txt,spoken
minus,plus/minus,subtract,36,w_spok_1991.txt,spoken
more,more/less,add,8852,w_spok_1991.txt,spoken
less,more/less,subtract,2726,w_spok_1991.txt,spoken
most,most/least,add,4734,w_spok_1991.txt,spoken
least,most/least,subtract,1495,w_spok_1991.txt,spoken
many,many/few,add,4098,w_spok_1991.txt,spoken
few,many/few,subtract,1952,w_spok_1991.txt,spoken
increase,increase/decrease,add,632,w_spok_1991.txt,spoken
decrease,increase/decrease,subtract,35,w_spok_1991.txt,spoken
add,add/subtract,add,2248,w_spok_1992.txt,spoken
subtract,add/subtract,subtract,8,w_spok_1992.txt,spoken
addition,addition/subtraction,add,274,w_spok_1992.txt,spoken
subtraction,addition/subtraction,subtract,0,w_spok_1992.txt,spoken
plus,plus/minus,add,229,w_spok_1992.txt,spoken
minus,plus/minus,subtract,29,w_spok_1992.txt,spoken
more,more/less,add,9069,w_spok_1992.txt,spoken
less,more/less,subtract,2660,w_spok_1992.txt,spoken
most,most/least,add,5123,w_spok_1992.txt,spoken
least,most/least,subtract,1266,w_spok_1992.txt,spoken
many,many/few,add,4025,w_spok_1992.txt,spoken
few,many/few,subtract,1651,w_spok_1992.txt,spoken
increase,increase/decrease,add,745,w_spok_1992.txt,spoken
decrease,increase/decrease,subtract,29,w_spok_1992.txt,spoken
add,add/subtract,add,1989,w_spok_1993.txt,spoken
subtract,add/subtract,subtract,9,w_spok_1993.txt,spoken
addition,addition/subtraction,add,340,w_spok_1993.txt,spoken
subtraction,addition/subtraction,subtract,4,w_spok_1993.txt,spoken
plus,plus/minus,add,227,w_spok_1993.txt,spoken
minus,plus/minus,subtract,26,w_spok_1993.txt,spoken
more,more/less,add,9163,w_spok_1993.txt,spoken
less,more/less,subtract,2756,w_spok_1993.txt,spoken
most,most/least,add,4982,w_spok_1993.txt,spoken
least,most/least,subtract,1312,w_spok_1993.txt,spoken
many,many/few,add,3966,w_spok_1993.txt,spoken
few,many/few,subtract,1511,w_spok_1993.txt,spoken
increase,increase/decrease,add,926,w_spok_1993.txt,spoken
decrease,increase/decrease,subtract,42,w_spok_1993.txt,spoken
add,add/subtract,add,1801,w_spok_1994.txt,spoken
subtract,add/subtract,subtract,8,w_spok_1994.txt,spoken
addition,addition/subtraction,add,284,w_spok_1994.txt,spoken
subtraction,addition/subtraction,subtract,0,w_spok_1994.txt,spoken
plus,plus/minus,add,186,w_spok_1994.txt,spoken
minus,plus/minus,subtract,29,w_spok_1994.txt,spoken
more,more/less,add,8637,w_spok_1994.txt,spoken
less,more/less,subtract,2564,w_spok_1994.txt,spoken
most,most/least,add,4790,w_spok_1994.txt,spoken
least,most/least,subtract,1278,w_spok_1994.txt,spoken
many,many/few,add,3720,w_spok_1994.txt,spoken
few,many/few,subtract,1694,w_spok_1994.txt,spoken
increase,increase/decrease,add,491,w_spok_1994.txt,spoken
decrease,increase/decrease,subtract,20,w_spok_1994.txt,spoken
add,add/subtract,add,1865,w_spok_1995.txt,spoken
subtract,add/subtract,subtract,7,w_spok_1995.txt,spoken
addition,addition/subtraction,add,276,w_spok_1995.txt,spoken
subtraction,addition/subtraction,subtract,1,w_spok_1995.txt,spoken
plus,plus/minus,add,239,w_spok_1995.txt,spoken
minus,plus/minus,subtract,19,w_spok_1995.txt,spoken
more,more/less,add,8755,w_spok_1995.txt,spoken
less,more/less,subtract,2490,w_spok_1995.txt,spoken
most,most/least,add,4671,w_spok_1995.txt,spoken
least,most/least,subtract,1190,w_spok_1995.txt,spoken
many,many/few,add,3662,w_spok_1995.txt,spoken
few,many/few,subtract,1407,w_spok_1995.txt,spoken
increase,increase/decrease,add,626,w_spok_1995.txt,spoken
decrease,increase/decrease,subtract,40,w_spok_1995.txt,spoken
add,add/subtract,add,1831,w_spok_1996.txt,spoken
subtract,add/subtract,subtract,9,w_spok_1996.txt,spoken
addition,addition/subtraction,add,255,w_spok_1996.txt,spoken
subtraction,addition/subtraction,subtract,3,w_spok_1996.txt,spoken
plus,plus/minus,add,133,w_spok_1996.txt,spoken
minus,plus/minus,subtract,38,w_spok_1996.txt,spoken
more,more/less,add,7941,w_spok_1996.txt,spoken
less,more/less,subtract,2102,w_spok_1996.txt,spoken
most,most/least,add,4403,w_spok_1996.txt,spoken
least,most/least,subtract,1071,w_spok_1996.txt,spoken
many,many/few,add,3301,w_spok_1996.txt,spoken
few,many/few,subtract,1454,w_spok_1996.txt,spoken
increase,increase/decrease,add,634,w_spok_1996.txt,spoken
decrease,increase/decrease,subtract,41,w_spok_1996.txt,spoken
add,add/subtract,add,1834,w_spok_1997.txt,spoken
subtract,add/subtract,subtract,1,w_spok_1997.txt,spoken
addition,addition/subtraction,add,282,w_spok_1997.txt,spoken
subtraction,addition/subtraction,subtract,0,w_spok_1997.txt,spoken
plus,plus/minus,add,162,w_spok_1997.txt,spoken
minus,plus/minus,subtract,16,w_spok_1997.txt,spoken
more,more/less,add,7645,w_spok_1997.txt,spoken
less,more/less,subtract,2044,w_spok_1997.txt,spoken
most,most/least,add,4298,w_spok_1997.txt,spoken
least,most/least,subtract,994,w_spok_1997.txt,spoken
many,many/few,add,3076,w_spok_1997.txt,spoken
few,many/few,subtract,1336,w_spok_1997.txt,spoken
increase,increase/decrease,add,400,w_spok_1997.txt,spoken
decrease,increase/decrease,subtract,55,w_spok_1997.txt,spoken
add,add/subtract,add,2723,w_spok_1998.txt,spoken
subtract,add/subtract,subtract,8,w_spok_1998.txt,spoken
addition,addition/subtraction,add,318,w_spok_1998.txt,spoken
subtraction,addition/subtraction,subtract,1,w_spok_1998.txt,spoken
plus,plus/minus,add,302,w_spok_1998.txt,spoken
minus,plus/minus,subtract,22,w_spok_1998.txt,spoken
more,more/less,add,8430,w_spok_1998.txt,spoken
less,more/less,subtract,2309,w_spok_1998.txt,spoken
most,most/least,add,4856,w_spok_1998.txt,spoken
least,most/least,subtract,1196,w_spok_1998.txt,spoken
many,many/few,add,3465,w_spok_1998.txt,spoken
few,many/few,subtract,1631,w_spok_1998.txt,spoken
increase,increase/decrease,add,363,w_spok_1998.txt,spoken
decrease,increase/decrease,subtract,48,w_spok_1998.txt,spoken
add,add/subtract,add,1990,w_spok_1999.txt,spoken
subtract,add/subtract,subtract,4,w_spok_1999.txt,spoken
addition,addition/subtraction,add,298,w_spok_1999.txt,spoken
subtraction,addition/subtraction,subtract,0,w_spok_1999.txt,spoken
plus,plus/minus,add,384,w_spok_1999.txt,spoken
minus,plus/minus,subtract,27,w_spok_1999.txt,spoken
more,more/less,add,8874,w_spok_1999.txt,spoken
less,more/less,subtract,2425,w_spok_1999.txt,spoken
most,most/least,add,4805,w_spok_1999.txt,spoken
least,most/least,subtract,1264,w_spok_1999.txt,spoken
many,many/few,add,3752,w_spok_1999.txt,spoken
few,many/few,subtract,1614,w_spok_1999.txt,spoken
increase,increase/decrease,add,354,w_spok_1999.txt,spoken
decrease,increase/decrease,subtract,52,w_spok_1999.txt,spoken
add,add/subtract,add,2047,w_spok_2000.txt,spoken
subtract,add/subtract,subtract,10,w_spok_2000.txt,spoken
addition,addition/subtraction,add,366,w_spok_2000.txt,spoken
subtraction,addition/subtraction,subtract,2,w_spok_2000.txt,spoken
plus,plus/minus,add,408,w_spok_2000.txt,spoken
minus,plus/minus,subtract,22,w_spok_2000.txt,spoken
more,more/less,add,10072,w_spok_2000.txt,spoken
less,more/less,subtract,2633,w_spok_2000.txt,spoken
most,most/least,add,5287,w_spok_2000.txt,spoken
least,most/least,subtract,1304,w_spok_2000.txt,spoken
many,many/few,add,3909,w_spok_2000.txt,spoken
few,many/few,subtract,1848,w_spok_2000.txt,spoken
increase,increase/decrease,add,641,w_spok_2000.txt,spoken
decrease,increase/decrease,subtract,48,w_spok_2000.txt,spoken
add,add/subtract,add,2123,w_spok_2001.txt,spoken
subtract,add/subtract,subtract,3,w_spok_2001.txt,spoken
addition,addition/subtraction,add,326,w_spok_2001.txt,spoken
subtraction,addition/subtraction,subtract,0,w_spok_2001.txt,spoken
plus,plus/minus,add,302,w_spok_2001.txt,spoken
minus,plus/minus,subtract,29,w_spok_2001.txt,spoken
more,more/less,add,8979,w_spok_2001.txt,spoken
less,more/less,subtract,2367,w_spok_2001.txt,spoken
most,most/least,add,4769,w_spok_2001.txt,spoken
least,most/least,subtract,1099,w_spok_2001.txt,spoken
many,many/few,add,3603,w_spok_2001.txt,spoken
few,many/few,subtract,1671,w_spok_2001.txt,spoken
increase,increase/decrease,add,513,w_spok_2001.txt,spoken
decrease,increase/decrease,subtract,38,w_spok_2001.txt,spoken
add,add/subtract,add,3127,w_spok_2002.txt,spoken
subtract,add/subtract,subtract,9,w_spok_2002.txt,spoken
addition,addition/subtraction,add,284,w_spok_2002.txt,spoken
subtraction,addition/subtraction,subtract,1,w_spok_2002.txt,spoken
plus,plus/minus,add,207,w_spok_2002.txt,spoken
minus,plus/minus,subtract,30,w_spok_2002.txt,spoken
more,more/less,add,9274,w_spok_2002.txt,spoken
less,more/less,subtract,2470,w_spok_2002.txt,spoken
most,most/least,add,4989,w_spok_2002.txt,spoken
least,most/least,subtract,1319,w_spok_2002.txt,spoken
many,many/few,add,4037,w_spok_2002.txt,spoken
few,many/few,subtract,1800,w_spok_2002.txt,spoken
increase,increase/decrease,add,508,w_spok_2002.txt,spoken
decrease,increase/decrease,subtract,32,w_spok_2002.txt,spoken
add,add/subtract,add,4429,w_spok_2003.txt,spoken
subtract,add/subtract,subtract,3,w_spok_2003.txt,spoken
addition,addition/subtraction,add,383,w_spok_2003.txt,spoken
subtraction,addition/subtraction,subtract,1,w_spok_2003.txt,spoken
plus,plus/minus,add,214,w_spok_2003.txt,spoken
minus,plus/minus,subtract,23,w_spok_2003.txt,spoken
more,more/less,add,9530,w_spok_2003.txt,spoken
less,more/less,subtract,2428,w_spok_2003.txt,spoken
most,most/least,add,4919,w_spok_2003.txt,spoken
least,most/least,subtract,1283,w_spok_2003.txt,spoken
many,many/few,add,4088,w_spok_2003.txt,spoken
few,many/few,subtract,1793,w_spok_2003.txt,spoken
increase,increase/decrease,add,500,w_spok_2003.txt,spoken
decrease,increase/decrease,subtract,44,w_spok_2003.txt,spoken
add,add/subtract,add,2657,w_spok_2004.txt,spoken
subtract,add/subtract,subtract,10,w_spok_2004.txt,spoken
addition,addition/subtraction,add,258,w_spok_2004.txt,spoken
subtraction,addition/subtraction,subtract,1,w_spok_2004.txt,spoken
plus,plus/minus,add,195,w_spok_2004.txt,spoken
minus,plus/minus,subtract,17,w_spok_2004.txt,spoken
more,more/less,add,9445,w_spok_2004.txt,spoken
less,more/less,subtract,2436,w_spok_2004.txt,spoken
most,most/least,add,4947,w_spok_2004.txt,spoken
least,most/least,subtract,1252,w_spok_2004.txt,spoken
many,many/few,add,3774,w_spok_2004.txt,spoken
few,many/few,subtract,1861,w_spok_2004.txt,spoken
increase,increase/decrease,add,525,w_spok_2004.txt,spoken
decrease,increase/decrease,subtract,28,w_spok_2004.txt,spoken
add,add/subtract,add,2359,w_spok_2005.txt,spoken
subtract,add/subtract,subtract,5,w_spok_2005.txt,spoken
addition,addition/subtraction,add,302,w_spok_2005.txt,spoken
subtraction,addition/subtraction,subtract,0,w_spok_2005.txt,spoken
plus,plus/minus,add,184,w_spok_2005.txt,spoken
minus,plus/minus,subtract,17,w_spok_2005.txt,spoken
more,more/less,add,9527,w_spok_2005.txt,spoken
less,more/less,subtract,2500,w_spok_2005.txt,spoken
most,most/least,add,4844,w_spok_2005.txt,spoken
least,most/least,subtract,1425,w_spok_2005.txt,spoken
many,many/few,add,4060,w_spok_2005.txt,spoken
few,many/few,subtract,1931,w_spok_2005.txt,spoken
increase,increase/decrease,add,488,w_spok_2005.txt,spoken
decrease,increase/decrease,subtract,20,w_spok_2005.txt,spoken
add,add/subtract,add,2171,w_spok_2006.txt,spoken
subtract,add/subtract,subtract,2,w_spok_2006.txt,spoken
addition,addition/subtraction,add,288,w_spok_2006.txt,spoken
subtraction,addition/subtraction,subtract,0,w_spok_2006.txt,spoken
plus,plus/minus,add,189,w_spok_2006.txt,spoken
minus,plus/minus,subtract,17,w_spok_2006.txt,spoken
more,more/less,add,9604,w_spok_2006.txt,spoken
less,more/less,subtract,2476,w_spok_2006.txt,spoken
most,most/least,add,4809,w_spok_2006.txt,spoken
least,most/least,subtract,1265,w_spok_2006.txt,spoken
many,many/few,add,3654,w_spok_2006.txt,spoken
few,many/few,subtract,1745,w_spok_2006.txt,spoken
increase,increase/decrease,add,450,w_spok_2006.txt,spoken
decrease,increase/decrease,subtract,32,w_spok_2006.txt,spoken
add,add/subtract,add,1904,w_spok_2007.txt,spoken
subtract,add/subtract,subtract,6,w_spok_2007.txt,spoken
addition,addition/subtraction,add,251,w_spok_2007.txt,spoken
subtraction,addition/subtraction,subtract,2,w_spok_2007.txt,spoken
plus,plus/minus,add,198,w_spok_2007.txt,spoken
minus,plus/minus,subtract,21,w_spok_2007.txt,spoken
more,more/less,add,8211,w_spok_2007.txt,spoken
less,more/less,subtract,2028,w_spok_2007.txt,spoken
most,most/least,add,3927,w_spok_2007.txt,spoken
least,most/least,subtract,1123,w_spok_2007.txt,spoken
many,many/few,add,2946,w_spok_2007.txt,spoken
few,many/few,subtract,1286,w_spok_2007.txt,spoken
increase,increase/decrease,add,307,w_spok_2007.txt,spoken
decrease,increase/decrease,subtract,32,w_spok_2007.txt,spoken
add,add/subtract,add,1548,w_spok_2008.txt,spoken
subtract,add/subtract,subtract,4,w_spok_2008.txt,spoken
addition,addition/subtraction,add,215,w_spok_2008.txt,spoken
subtraction,addition/subtraction,subtract,2,w_spok_2008.txt,spoken
plus,plus/minus,add,158,w_spok_2008.txt,spoken
minus,plus/minus,subtract,23,w_spok_2008.txt,spoken
more,more/less,add,6899,w_spok_2008.txt,spoken
less,more/less,subtract,1761,w_spok_2008.txt,spoken
most,most/least,add,3527,w_spok_2008.txt,spoken
least,most/least,subtract,833,w_spok_2008.txt,spoken
many,many/few,add,2517,w_spok_2008.txt,spoken
few,many/few,subtract,1108,w_spok_2008.txt,spoken
increase,increase/decrease,add,278,w_spok_2008.txt,spoken
decrease,increase/decrease,subtract,15,w_spok_2008.txt,spoken
add,add/subtract,add,2032,w_spok_2009.txt,spoken
subtract,add/subtract,subtract,12,w_spok_2009.txt,spoken
addition,addition/subtraction,add,334,w_spok_2009.txt,spoken
subtraction,addition/subtraction,subtract,2,w_spok_2009.txt,spoken
plus,plus/minus,add,272,w_spok_2009.txt,spoken
minus,plus/minus,subtract,36,w_spok_2009.txt,spoken
more,more/less,add,8884,w_spok_2009.txt,spoken
less,more/less,subtract,2235,w_spok_2009.txt,spoken
most,most/least,add,3771,w_spok_2009.txt,spoken
least,most/least,subtract,1066,w_spok_2009.txt,spoken
many,many/few,add,3148,w_spok_2009.txt,spoken
few,many/few,subtract,1329,w_spok_2009.txt,spoken
increase,increase/decrease,add,546,w_spok_2009.txt,spoken
decrease,increase/decrease,subtract,28,w_spok_2009.txt,spoken
add,add/subtract,add,1881,w_spok_2010.txt,spoken
subtract,add/subtract,subtract,4,w_spok_2010.txt,spoken
addition,addition/subtraction,add,286,w_spok_2010.txt,spoken
subtraction,addition/subtraction,subtract,0,w_spok_2010.txt,spoken
plus,plus/minus,add,232,w_spok_2010.txt,spoken
minus,plus/minus,subtract,20,w_spok_2010.txt,spoken
more,more/less,add,9030,w_spok_2010.txt,spoken
less,more/less,subtract,2249,w_spok_2010.txt,spoken
most,most/least,add,4134,w_spok_2010.txt,spoken
least,most/least,subtract,1147,w_spok_2010.txt,spoken
many,many/few,add,3198,w_spok_2010.txt,spoken
few,many/few,subtract,1388,w_spok_2010.txt,spoken
increase,increase/decrease,add,518,w_spok_2010.txt,spoken
decrease,increase/decrease,subtract,35,w_spok_2010.txt,spoken
add,add/subtract,add,1972,w_spok_2011.txt,spoken
subtract,add/subtract,subtract,3,w_spok_2011.txt,spoken
addition,addition/subtraction,add,260,w_spok_2011.txt,spoken
subtraction,addition/subtraction,subtract,1,w_spok_2011.txt,spoken
plus,plus/minus,add,197,w_spok_2011.txt,spoken
minus,plus/minus,subtract,34,w_spok_2011.txt,spoken
more,more/less,add,8757,w_spok_2011.txt,spoken
less,more/less,subtract,2347,w_spok_2011.txt,spoken
most,most/least,add,4084,w_spok_2011.txt,spoken
least,most/least,subtract,1138,w_spok_2011.txt,spoken
many,many/few,add,3124,w_spok_2011.txt,spoken
few,many/few,subtract,1446,w_spok_2011.txt,spoken
increase,increase/decrease,add,711,w_spok_2011.txt,spoken
decrease,increase/decrease,subtract,41,w_spok_2011.txt,spoken
add,add/subtract,add,1101,w_spok_2012.txt,spoken
subtract,add/subtract,subtract,6,w_spok_2012.txt,spoken
addition,addition/subtraction,add,119,w_spok_2012.txt,spoken
subtraction,addition/subtraction,subtract,2,w_spok_2012.txt,spoken
plus,plus/minus,add,109,w_spok_2012.txt,spoken
minus,plus/minus,subtract,5,w_spok_2012.txt,spoken
more,more/less,add,5155,w_spok_2012.txt,spoken
less,more/less,subtract,1324,w_spok_2012.txt,spoken
most,most/least,add,2361,w_spok_2012.txt,spoken
least,most/least,subtract,636,w_spok_2012.txt,spoken
many,many/few,add,1768,w_spok_2012.txt,spoken
few,many/few,subtract,823,w_spok_2012.txt,spoken
increase,increase/decrease,add,290,w_spok_2012.txt,spoken
decrease,increase/decrease,subtract,22,w_spok_2012.txt,spoken
